#Vega Scene - Grønt tak, 6.96.0, Vannføring, dogn
Tidspunkt;Vannføring (m³/s);Korrigert;Kontrollert
2020-01-18 11:00:00Z;6,784723E-05;0;1
2020-01-19 11:00:00Z;9,96181E-06;0;1
2020-01-20 11:00:00Z;4,041668E-06;0;1
2020-01-21 11:00:00Z;6,274305E-06;0;1
2020-01-22 11:00:00Z;3,395837E-06;0;1
2020-01-23 11:00:00Z;1,84028E-06;0;1
2020-01-24 11:00:00Z;1,013888E-06;0;1
2020-01-25 11:00:00Z;9,166662E-07;0;1
2020-01-26 11:00:00Z;1,027777E-06;0;1
2020-01-27 11:00:00Z;3,580207E-05;0;1
2020-01-28 11:00:00Z;7,472571E-05;0;1
2020-01-29 11:00:00Z;5,900694E-05;0;1
2020-01-30 11:00:00Z;9,878473E-06;0;1
2020-01-31 11:00:00Z;1,210764E-05;0;1
2020-02-01 11:00:00Z;1,861806E-05;0;1
2020-02-02 11:00:00Z;6,406251E-06;0;1
2020-02-03 11:00:00Z;2,440969E-06;0;1
2020-02-04 11:00:00Z;1,451389E-06;0;1
2020-02-05 11:00:00Z;6,805556E-07;0;1
2020-02-06 11:00:00Z;7,569445E-07;0;1
2020-02-07 11:00:00Z;7,84722E-07;0;1
2020-02-08 11:00:00Z;2,840277E-06;0;1
2020-02-09 11:00:00Z;0,0001006458;0;1
2020-02-10 11:00:00Z;2,285417E-05;0;1
2020-02-11 11:00:00Z;4,958328E-06;0;1
2020-02-12 11:00:00Z;2,871527E-06;0;1
2020-02-13 11:00:00Z;1,656252E-06;0;1
2020-02-14 11:00:00Z;6,736109E-07;0;1
2020-02-15 11:00:00Z;3,197917E-06;0;1
2020-02-16 11:00:00Z;0,0001008403;0;1
2020-02-17 11:00:00Z;9,218754E-06;0;1
2020-02-18 11:00:00Z;3,163196E-06;0;1
2020-02-19 11:00:00Z;1,958333E-06;0;1
2020-02-20 11:00:00Z;2,665972E-05;0;1
2020-02-21 11:00:00Z;4,05868E-05;0;1
2020-02-22 11:00:00Z;6,645834E-06;0;1
2020-02-23 11:00:00Z;3,204863E-06;0;1
2020-02-24 11:00:00Z;1,767362E-06;0;1
2020-02-25 11:00:00Z;9,09722E-07;0;1
2020-02-26 11:00:00Z;6,527777E-07;0;1
2020-02-27 11:00:00Z;6,11111E-07;0;1
2020-02-28 11:00:00Z;6,388889E-07;0;1
2020-02-29 11:00:00Z;8,055556E-07;0;1
2020-03-01 11:00:00Z;6,979166E-06;0;1
2020-03-02 11:00:00Z;5,805556E-05;0;1
2020-03-03 11:00:00Z;4,432637E-05;0;1
2020-03-04 11:00:00Z;5,679162E-05;0;1
2020-03-05 11:00:00Z;2,081597E-05;0;1
2020-03-06 11:00:00Z;8,885415E-06;0;1
2020-03-07 11:00:00Z;5,1493E-06;0;1
2020-03-08 11:00:00Z;3,974653E-05;0;1
2020-03-09 11:00:00Z;1,716667E-05;0;1
2020-03-10 11:00:00Z;3,078473E-05;0;1
2020-03-11 11:00:00Z;3,226042E-05;0;1
2020-03-12 11:00:00Z;5,385411E-06;0;1
2020-03-13 11:00:00Z;2,579858E-06;0;1
2020-03-14 11:00:00Z;1,187498E-06;0;1
2020-03-15 11:00:00Z;4,680559E-06;0;1
2020-03-16 11:00:00Z;5,631944E-06;0;1
2020-03-17 11:00:00Z;2,510413E-06;0;1
2020-03-18 11:00:00Z;1,114582E-06;0;1
2020-03-19 11:00:00Z;8,472225E-07;0;1
2020-03-20 11:00:00Z;8,819442E-07;0;1
2020-03-21 11:00:00Z;8,402777E-07;0;1
2020-03-22 11:00:00Z;8,75E-07;0;1
2020-03-23 11:00:00Z;8,888886E-07;0;1
2020-03-24 11:00:00Z;9,583327E-07;0;1
2020-03-25 11:00:00Z;9,513885E-07;0;1
2020-03-26 11:00:00Z;9,79166E-07;0;1
2020-03-27 11:00:00Z;9,791657E-07;0;1
2020-03-28 11:00:00Z;8,749997E-07;0;1
2020-03-29 11:00:00Z;9,513883E-07;0;1
2020-03-30 11:00:00Z;9,861101E-07;0;1
2020-03-31 11:00:00Z;9,791661E-07;0;1
2020-04-01 11:00:00Z;9,791659E-07;0;1
2020-04-02 11:00:00Z;9,722216E-07;0;1
2020-04-03 11:00:00Z;9,791661E-07;0;1
2020-04-04 11:00:00Z;9,652771E-07;0;1
2020-04-05 11:00:00Z;9,895828E-07;0;1
2020-04-06 11:00:00Z;9,826382E-07;0;1
2020-04-07 11:00:00Z;9,930548E-07;0;1
2020-04-08 11:00:00Z;1,006944E-06;0;1
2020-04-09 11:00:00Z;9,722215E-07;0;1
2020-04-10 11:00:00Z;9,999991E-07;0;1
2020-04-11 11:00:00Z;5,711805E-06;0;1
2020-04-12 11:00:00Z;2,763888E-06;0;1
2020-04-13 11:00:00Z;1,114582E-06;0;1
2020-04-14 11:00:00Z;1,013888E-06;0;1
2020-04-15 11:00:00Z;9,930549E-07;0;1
2020-04-16 11:00:00Z;9,999991E-07;0;1
2020-04-17 11:00:00Z;1,006944E-06;0;1
2020-04-18 11:00:00Z;1,006944E-06;0;1
2020-04-19 11:00:00Z;9,930548E-07;0;1
2020-04-20 11:00:00Z;9,79166E-07;0;1
2020-04-21 11:00:00Z;9,722214E-07;0;1
2020-04-22 11:00:00Z;9,930548E-07;0;1
2020-04-23 11:00:00Z;9,861104E-07;0;1
2020-04-24 11:00:00Z;9,861103E-07;0;1
2020-04-25 11:00:00Z;9,999992E-07;0;1
2020-04-26 11:00:00Z;9,999991E-07;0;1
2020-04-27 11:00:00Z;6,399307E-06;0;1
2020-04-28 11:00:00Z;1,690974E-06;0;1
2020-04-29 11:00:00Z;1,041666E-06;0;1
2020-04-30 11:00:00Z;1,006944E-06;0;1
2020-05-01 11:00:00Z;9,638889E-06;0;1
2020-05-02 11:00:00Z;2,038193E-06;0;1
2020-05-03 11:00:00Z;3,184028E-06;0;1
2020-05-04 11:00:00Z;3,260419E-06;0;1
2020-05-05 11:00:00Z;1,114582E-06;0;1
2020-05-06 11:00:00Z;9,861104E-07;0;1
2020-05-07 11:00:00Z;9,861104E-07;0;1
2020-05-08 11:00:00Z;9,930548E-07;0;1
2020-05-09 11:00:00Z;9,23611E-07;0;1
2020-05-10 11:00:00Z;6,107641E-06;0;1
2020-05-11 11:00:00Z;1,225693E-06;0;1
2020-05-12 11:00:00Z;9,583329E-07;0;1
2020-05-13 11:00:00Z;9,513885E-07;0;1
2020-05-14 11:00:00Z;8,888887E-07;0;1
2020-05-15 11:00:00Z;8,993052E-07;0;1
2020-05-16 11:00:00Z;8,854164E-07;0;1
2020-05-17 11:00:00Z;9,513884E-07;0;1
2020-05-18 11:00:00Z;9,513884E-07;0;1
2020-05-19 11:00:00Z;9,722215E-07;0;1
2020-05-20 11:00:00Z;9,722218E-07;0;1
2020-05-21 11:00:00Z;1,013888E-06;0;1
2020-05-22 11:00:00Z;1,04861E-06;0;1
2020-05-23 11:00:00Z;1,895837E-06;0;1
2020-05-24 11:00:00Z;1,59028E-06;0;1
2020-05-25 11:00:00Z;1,055555E-06;0;1
2020-05-26 11:00:00Z;1,152777E-06;0;1
2020-05-27 11:00:00Z;1,090277E-06;0;1
2020-05-28 11:00:00Z;1,131944E-06;0;1
2020-05-29 11:00:00Z;2,962496E-05;0;1
2020-05-30 11:00:00Z;9,236105E-07;0;1
2020-05-31 11:00:00Z;9,13194E-07;0;1
2020-06-01 11:00:00Z;9,201385E-07;0;1
2020-06-02 11:00:00Z;9,652772E-07;0;1
2020-06-03 11:00:00Z;9,652771E-07;0;1
2020-06-04 11:00:00Z;9,374995E-07;0;1
2020-06-05 11:00:00Z;1,600694E-06;0;1
2020-06-06 11:00:00Z;1,903125E-05;0;1
2020-06-07 11:00:00Z;1,098959E-05;0;1
2020-06-08 11:00:00Z;2,968751E-06;0;1
2020-06-09 11:00:00Z;1,076388E-06;0;1
2020-06-10 11:00:00Z;1,013888E-06;0;1
2020-06-11 11:00:00Z;1,006944E-06;0;1
2020-06-12 11:00:00Z;1,006943E-06;0;1
2020-06-13 11:00:00Z;1,006944E-06;0;1
2020-06-14 11:00:00Z;9,999991E-07;0;1
2020-06-15 11:00:00Z;9,861104E-07;0;1
2020-06-16 11:00:00Z;9,861104E-07;0;1
2020-06-17 11:00:00Z;1,027777E-06;0;1
2020-06-18 11:00:00Z;1,034722E-06;0;1
2020-06-19 11:00:00Z;9,999991E-07;0;1
2020-06-20 11:00:00Z;1,020832E-06;0;1
2020-06-21 11:00:00Z;1,503472E-05;0;1
2020-06-22 11:00:00Z;4,674651E-05;0;1
2020-06-23 11:00:00Z;1,072916E-06;0;1
2020-06-24 11:00:00Z;1,055555E-06;0;1
2020-06-25 11:00:00Z;1,062499E-06;0;1
2020-06-26 11:00:00Z;1,041666E-06;0;1
2020-06-27 11:00:00Z;1,069444E-06;0;1
2020-06-28 11:00:00Z;3,85E-05;0;1
2020-06-29 11:00:00Z;5,114588E-06;0;1
2020-06-30 11:00:00Z;3,881949E-06;0;1
2020-07-01 11:00:00Z;1,420137E-06;0;1
2020-07-02 11:00:00Z;9,999992E-07;0;1
2020-07-03 11:00:00Z;9,652774E-07;0;1
2020-07-04 11:00:00Z;9,861104E-07;0;1
2020-07-05 11:00:00Z;4,501041E-05;0;1
2020-07-06 11:00:00Z;1,232638E-05;0;1
2020-07-07 11:00:00Z;5,26042E-06;0;1
2020-07-08 11:00:00Z;1,908333E-05;0;1
2020-07-09 11:00:00Z;4,767365E-06;0;1
2020-07-10 11:00:00Z;1,093749E-06;0;1
2020-07-11 11:00:00Z;9,513882E-07;0;1
2020-07-12 11:00:00Z;9,444439E-07;0;1
2020-07-13 11:00:00Z;9,722215E-07;0;1
2020-07-14 11:00:00Z;2,204862E-06;0;1
2020-07-15 11:00:00Z;2,565972E-06;0;1
2020-07-16 11:00:00Z;1,041666E-06;0;1
2020-07-17 11:00:00Z;1,013888E-06;0;1
2020-07-18 11:00:00Z;1,309027E-06;0;1
2020-07-19 11:00:00Z;3,084028E-05;0;1
2020-07-20 11:00:00Z;8,819444E-06;0;1
2020-07-21 11:00:00Z;1,559029E-06;0;1
2020-07-22 11:00:00Z;1,013888E-06;0;1
2020-07-23 11:00:00Z;9,930548E-07;0;1
2020-07-24 11:00:00Z;9,722216E-07;0;1
2020-07-25 11:00:00Z;9,999993E-07;0;1
2020-07-26 11:00:00Z;4,03368E-05;0;1
2020-07-27 11:00:00Z;2,109375E-05;0;1
2020-07-28 11:00:00Z;5,069792E-05;0;1
2020-07-29 11:00:00Z;9,718403E-05;0;1
2020-07-30 11:00:00Z;8,392364E-06;0;1
2020-07-31 11:00:00Z;1,371526E-06;0;1
2020-08-01 11:00:00Z;1,020833E-06;0;1
2020-08-02 11:00:00Z;2,444446E-06;0;1
2020-08-03 11:00:00Z;1,722225E-06;0;1
2020-08-04 11:00:00Z;9,756938E-07;0;1
2020-08-05 11:00:00Z;3,743055E-06;0;1
2020-08-06 11:00:00Z;2,13889E-06;0;1
2020-08-07 11:00:00Z;1,003471E-06;0;1
2020-08-08 11:00:00Z;1,027777E-06;0;1
2020-08-09 11:00:00Z;1,013888E-06;0;1
2020-08-10 11:00:00Z;1,020833E-06;0;1
2020-08-11 11:00:00Z;1,034721E-06;0;1
2020-08-12 11:00:00Z;1,034721E-06;0;1
2020-08-13 11:00:00Z;1,347222E-06;0;1
2020-08-14 11:00:00Z;1,826392E-06;0;1
2020-08-15 11:00:00Z;1,052082E-06;0;1
2020-08-16 11:00:00Z;1,045138E-06;0;1
2020-08-17 11:00:00Z;1,041666E-06;0;1
2020-08-18 11:00:00Z;1,027777E-06;0;1
2020-08-19 11:00:00Z;1,055555E-06;0;1
2020-08-20 11:00:00Z;1,062499E-06;0;1
2020-08-21 11:00:00Z;5,711805E-06;0;1
2020-08-22 11:00:00Z;9,149308E-06;0;1
2020-08-23 11:00:00Z;2,814236E-05;0;1
2020-08-24 11:00:00Z;5,517363E-06;0;1
2020-08-25 11:00:00Z;1,055554E-06;0;1
2020-08-26 11:00:00Z;9,722218E-07;0;1
2020-08-27 11:00:00Z;9,374996E-07;0;1
2020-08-28 11:00:00Z;9,097218E-07;0;1
2020-08-29 11:00:00Z;9,513885E-07;0;1
2020-08-30 11:00:00Z;9,444439E-07;0;1
2020-08-31 11:00:00Z;9,444439E-07;0;1
2020-09-01 11:00:00Z;9,583327E-07;0;1
2020-09-02 11:00:00Z;9,791661E-07;0;1
2020-09-03 11:00:00Z;9,44444E-07;0;1
2020-09-04 11:00:00Z;1,312498E-06;0;1
2020-09-05 11:00:00Z;1,020833E-06;0;1
2020-09-06 11:00:00Z;1,041666E-06;0;1
2020-09-07 11:00:00Z;1,302083E-06;0;1
2020-09-08 11:00:00Z;1,434026E-06;0;1
2020-09-09 11:00:00Z;6,843754E-06;0;1
2020-09-10 11:00:00Z;1,163193E-06;0;1
2020-09-11 11:00:00Z;1,027777E-06;0;1
2020-09-12 11:00:00Z;9,999994E-07;0;1
2020-09-13 11:00:00Z;9,722213E-07;0;1
2020-09-14 11:00:00Z;1,020832E-06;0;1
2020-09-15 11:00:00Z;1,006944E-06;0;1
2020-09-16 11:00:00Z;9,166664E-07;0;1
2020-09-17 11:00:00Z;9,791657E-07;0;1
2020-09-18 11:00:00Z;9,999991E-07;0;1
2020-09-19 11:00:00Z;1,027777E-06;0;1
2020-09-20 11:00:00Z;1,006944E-06;0;1
2020-09-21 11:00:00Z;1,006944E-06;0;1
2020-09-22 11:00:00Z;9,930548E-07;0;1
2020-09-23 11:00:00Z;2,784723E-06;0;1
2020-09-24 11:00:00Z;5,275348E-05;0;1
2020-09-25 11:00:00Z;3,604173E-06;0;1
2020-09-26 11:00:00Z;0,0001470833;0;1
2020-09-27 11:00:00Z;1,318403E-05;0;1
2020-09-28 11:00:00Z;4,451391E-06;0;1
2020-09-29 11:00:00Z;1,163542E-05;0;1
2020-09-30 11:00:00Z;6,857637E-06;0;1
2020-10-01 11:00:00Z;2,927083E-06;0;1
2020-10-02 11:00:00Z;1,357637E-06;0;1
2020-10-03 11:00:00Z;9,999993E-07;0;1
2020-10-04 11:00:00Z;5,431598E-05;0;1
2020-10-05 11:00:00Z;6,042015E-05;0;1
2020-10-06 11:00:00Z;8,487501E-05;0;1
2020-10-07 11:00:00Z;0,0001105938;0;1
2020-10-08 11:00:00Z;2,917013E-05;0;1
2020-10-09 11:00:00Z;2,093055E-05;0;1
2020-10-10 11:00:00Z;0,0001988645;0;1
2020-10-11 11:00:00Z;4,030554E-05;0;1
2020-10-12 11:00:00Z;6,913192E-06;0;1
2020-10-13 11:00:00Z;3,565978E-06;0;1
2020-10-14 11:00:00Z;2,076388E-06;0;1
2020-10-15 11:00:00Z;1,211804E-06;0;1
2020-10-16 11:00:00Z;1,072916E-06;0;1
2020-10-17 11:00:00Z;1,055555E-06;0;1
2020-10-18 11:00:00Z;9,652773E-07;0;1
2020-10-19 11:00:00Z;9,999991E-07;0;1
2020-10-20 11:00:00Z;0,0001773924;0;1
2020-10-21 11:00:00Z;9,550351E-05;0;1
2020-10-22 11:00:00Z;8,51111E-05;0;1
2020-10-23 11:00:00Z;5,387845E-05;0;1
2020-10-24 11:00:00Z;1,605209E-05;0;1
2020-10-25 11:00:00Z;0,0001502882;0;1
2020-10-26 11:00:00Z;0,0002006944;0;1
2020-10-27 11:00:00Z;0,0002343645;0;1
2020-10-28 11:00:00Z;3,799306E-05;0;1
2020-10-29 11:00:00Z;1,107291E-05;0;1
2020-10-30 11:00:00Z;6,118056E-06;0;1
2020-10-31 11:00:00Z;2,935069E-05;0;1
2020-11-01 11:00:00Z;5,22118E-05;0;1
2020-11-02 11:00:00Z;9,463891E-05;0;1
2020-11-03 11:00:00Z;9,038202E-06;0;1
2020-11-04 11:00:00Z;4,468745E-06;0;1
2020-11-05 11:00:00Z;3,12153E-06;0;1
2020-11-06 11:00:00Z;2,322913E-06;0;1
2020-11-07 11:00:00Z;2,197914E-06;0;1
2020-11-08 11:00:00Z;1,979165E-06;0;1
2020-11-09 11:00:00Z;1,857639E-06;0;1
2020-11-10 11:00:00Z;1,78125E-06;0;1
2020-11-11 11:00:00Z;3,263889E-06;0;1
2020-11-12 11:00:00Z;8,420147E-06;0;1
2020-11-13 11:00:00Z;5,059026E-06;0;1
2020-11-14 11:00:00Z;3,314236E-05;0;1
2020-11-15 11:00:00Z;8,19757E-05;0;1
2020-11-16 11:00:00Z;0,0001460903;0;1
2020-11-17 11:00:00Z;4,418402E-05;0;1
2020-11-18 11:00:00Z;1,515625E-05;0;1
2020-11-19 11:00:00Z;9,968751E-06;0;1
2020-11-20 11:00:00Z;3,98959E-06;0;1
2020-11-21 11:00:00Z;4,914236E-05;0;1
2020-11-22 11:00:00Z;1,002778E-05;0;1
2020-11-23 11:00:00Z;4,812494E-06;0;1
2020-11-24 11:00:00Z;3,958331E-06;0;1
2020-11-25 11:00:00Z;3,864581E-06;0;1
2020-11-26 11:00:00Z;2,920139E-06;0;1
2020-11-27 11:00:00Z;1,239582E-06;0;1
2020-11-28 11:00:00Z;5,451389E-07;0;1
2020-11-29 11:00:00Z;6,631944E-07;0;1
2020-11-30 11:00:00Z;1,032639E-05;0;1
2020-12-01 11:00:00Z;4,071875E-05;0;1
2020-12-02 11:00:00Z;1,254166E-05;0;1
2020-12-03 11:00:00Z;3,409722E-05;0;1
2020-12-04 11:00:00Z;2,383333E-05;0;1
2020-12-05 11:00:00Z;1,584722E-05;0;1
2020-12-06 11:00:00Z;1,725347E-05;0;1
2020-12-07 11:00:00Z;3,141668E-05;0;1
2020-12-08 11:00:00Z;8,334027E-05;0;1
2020-12-09 11:00:00Z;3,469099E-05;0;1
2020-12-10 11:00:00Z;4,252778E-05;0;1
2020-12-11 11:00:00Z;1,387499E-05;0;1
2020-12-12 11:00:00Z;7,388899E-06;0;1
2020-12-13 11:00:00Z;6,413194E-06;0;1
2020-12-14 11:00:00Z;4,742361E-05;0;1
2020-12-15 11:00:00Z;0,0001515973;0;1
2020-12-16 11:00:00Z;1,729515E-05;0;1
2020-12-17 11:00:00Z;7,078471E-05;0;1
2020-12-18 11:00:00Z;4,956598E-05;0;1
2020-12-19 11:00:00Z;4,640973E-05;0;1
2020-12-20 11:00:00Z;2,965972E-05;0;1
2020-12-21 11:00:00Z;1,373958E-05;0;1
2020-12-22 11:00:00Z;3,114583E-05;0;1
2020-12-23 11:00:00Z;1,124653E-05;0;1
2020-12-24 11:00:00Z;3,194446E-06;0;1
2020-12-25 11:00:00Z;7,534721E-07;0;1
2020-12-26 11:00:00Z;1,391667E-05;0;1
2020-12-27 11:00:00Z;0,0003277222;0;1
2020-12-28 11:00:00Z;0,0001702465;0;1
2020-12-29 11:00:00Z;4,593057E-05;0;1
2020-12-30 11:00:00Z;5,711112E-05;0;1
2020-12-31 11:00:00Z;1,498959E-05;0;1
2021-01-01 11:00:00Z;7,670138E-06;0;1
2021-01-02 11:00:00Z;6,486118E-06;0;1
2021-01-03 11:00:00Z;3,930561E-06;0;1
2021-01-04 11:00:00Z;8,506948E-07;0;1
2021-01-05 11:00:00Z;4,201389E-07;0;1
2021-01-06 11:00:00Z;4,6875E-07;0;1
2021-01-07 11:00:00Z;4,236111E-07;0;1
2021-01-08 11:00:00Z;3,958334E-07;0;1
2021-01-09 11:00:00Z;5,590277E-07;0;1
2021-01-10 11:00:00Z;6,145832E-07;0;1
2021-01-11 11:00:00Z;6,354166E-07;0;1
2021-01-12 11:00:00Z;6,770832E-07;0;1
2021-01-13 11:00:00Z;6,874999E-07;0;1
2021-01-14 11:00:00Z;6,42361E-07;0;1
2021-01-15 11:00:00Z;7,342658E-07;0;1
2021-01-16 11:00:00Z;5,434025E-07;0;1
2021-01-17 11:00:00Z;5,399303E-07;0;1
2021-01-18 11:00:00Z;6,010561E-07;0;1
2021-01-19 11:00:00Z;6,777776E-07;0;1
2021-01-20 11:00:00Z;1,017014E-06;0;1
2021-01-21 11:00:00Z;9,303714E-05;0;1
2021-01-22 11:00:00Z;8,750607E-05;0;1
2021-01-23 11:00:00Z;1,585E-05;0;1
2021-01-24 11:00:00Z;3,80243E-06;0;1
2021-01-25 11:00:00Z;1,621875E-06;0;1
2021-01-26 11:00:00Z;7,979173E-07;0;1
2021-01-27 11:00:00Z;4,619715E-07;0;1
2021-01-28 11:00:00Z;4,322916E-07;0;1
2021-01-29 11:00:00Z;4,802081E-07;0;1
2021-01-30 11:00:00Z;5,906247E-07;0;1
2021-01-31 11:00:00Z;7,34375E-07;0;1
2021-02-01 11:00:00Z;7,784724E-07;0;1
2021-02-02 11:00:00Z;8,760414E-07;0;1
2021-02-03 11:00:00Z;9,107634E-07;0;1
2021-02-04 11:00:00Z;9,52083E-07;0;1
2021-02-05 11:00:00Z;9,517357E-07;0;1
2021-02-06 11:00:00Z;9,864578E-07;0;1
2021-02-07 11:00:00Z;1,006249E-06;0;1
2021-02-08 11:00:00Z;1,019791E-06;0;1
2021-02-09 11:00:00Z;9,784716E-07;0;1
2021-02-10 11:00:00Z;9,847216E-07;0;1
2021-02-11 11:00:00Z;1,020138E-06;0;1
2021-02-12 11:00:00Z;9,736106E-07;0;1
2021-02-13 11:00:00Z;9,85416E-07;0;1
2021-02-14 11:00:00Z;9,909718E-07;0;1
2021-02-15 11:00:00Z;9,645825E-07;0;1
2021-02-16 11:00:00Z;9,489576E-07;0;1
2021-02-17 11:00:00Z;9,850688E-07;0;1
2021-02-18 11:00:00Z;9,888881E-07;0;1
2021-02-19 11:00:00Z;1,027778E-06;0;1
2021-02-20 11:00:00Z;5,32361E-05;0;1
2021-02-21 11:00:00Z;4,946424E-05;0;1
2021-02-22 11:00:00Z;1,98066E-05;0;1
2021-02-23 11:00:00Z;1,844062E-05;0;1
2021-02-24 11:00:00Z;1,963854E-05;0;1
2021-02-25 11:00:00Z;1,851355E-05;0;1
2021-02-26 11:00:00Z;9,832987E-06;0;1
2021-02-27 11:00:00Z;5,275002E-06;0;1
2021-02-28 11:00:00Z;3,978127E-06;0;1
2021-03-01 11:00:00Z;3,2875E-06;0;1
2021-03-02 11:00:00Z;3,76736E-06;0;1
2021-03-03 11:00:00Z;3,8375E-06;0;1
2021-03-04 11:00:00Z;2,55868E-06;0;1
2021-03-05 11:00:00Z;1,34111E-06;0;1
2021-03-06 11:00:00Z;8,982633E-07;0;1
2021-03-07 11:00:00Z;7,222224E-07;0;1
2021-03-08 11:00:00Z;5,538191E-07;0;1
2021-03-09 11:00:00Z;6,347221E-07;0;1
2021-03-10 11:00:00Z;6,82986E-07;0;1
2021-03-11 11:00:00Z;1,020486E-05;0;1
2021-03-12 11:00:00Z;5,202779E-05;0;1
2021-03-13 11:00:00Z;3,674688E-05;0;1
2021-03-14 11:00:00Z;4,528611E-05;0;1
2021-03-15 11:00:00Z;2,080868E-05;0;1
2021-03-16 11:00:00Z;1,079688E-05;0;1
2021-03-17 11:00:00Z;7,531944E-06;0;1
2021-03-18 11:00:00Z;6,097223E-06;0;1
2021-03-19 11:00:00Z;6,910069E-06;0;1
2021-03-20 11:00:00Z;6,351042E-06;0;1
2021-03-21 11:00:00Z;5,975346E-06;0;1
2021-03-22 11:00:00Z;7,337151E-06;0;1
2021-03-23 11:00:00Z;9,824307E-06;0;1
2021-03-24 11:00:00Z;1,254167E-05;0;1
2021-03-25 11:00:00Z;1,091042E-05;0;1
2021-03-26 11:00:00Z;9,962502E-06;0;1
2021-03-27 11:00:00Z;4,114167E-05;0;1
2021-03-28 11:00:00Z;1,575174E-05;0;1
2021-03-29 11:00:00Z;2,722603E-05;0;1
2021-03-30 11:00:00Z;1,409445E-05;0;1
2021-03-31 11:00:00Z;9,52153E-06;0;1
2021-04-01 11:00:00Z;5,15764E-06;0;1
2021-04-02 11:00:00Z;3,056944E-06;0;1
2021-04-03 11:00:00Z;1,815625E-06;0;1
2021-04-04 11:00:00Z;1,754578E-06;0;1
2021-04-05 11:00:00Z;8,826395E-07;0;1
2021-04-06 11:00:00Z;7,874997E-07;0;1
2021-04-07 11:00:00Z;7,836804E-07;0;1
2021-04-08 11:00:00Z;2,847222E-07;0;1
2021-04-09 11:00:00Z;7,600698E-07;0;1
2021-04-10 11:00:00Z;6,950701E-07;0;1
2021-04-11 11:00:00Z;7,211805E-07;0;1
2021-04-12 11:00:00Z;1,159792E-05;0;1
2021-04-13 11:00:00Z;5,640972E-06;0;1
2021-04-14 11:00:00Z;2,095486E-06;0;1
2021-04-15 11:00:00Z;1,028124E-06;0;1
2021-04-16 11:00:00Z;7,555559E-07;0;1
2021-04-17 11:00:00Z;7,104167E-07;0;1
2021-04-18 11:00:00Z;7,413198E-07;0;1
2021-04-19 11:00:00Z;8,107642E-07;0;1
2021-04-20 11:00:00Z;8,284721E-07;0;1
2021-04-21 11:00:00Z;7,635419E-07;0;1
2021-04-22 11:00:00Z;7,482637E-07;0;1
2021-04-23 11:00:00Z;8,652777E-07;0;1
2021-04-24 11:00:00Z;8,156253E-07;0;1
2021-04-25 11:00:00Z;7,743059E-07;0;1
2021-04-26 11:00:00Z;7,288198E-07;0;1
2021-04-27 11:00:00Z;7E-07;0;1
2021-04-28 11:00:00Z;7,60764E-07;0;1
2021-04-29 11:00:00Z;7,829861E-07;0;1
2021-04-30 11:00:00Z;8,326388E-07;0;1
2021-05-01 11:00:00Z;7,906249E-07;0;1
2021-05-02 11:00:00Z;8,250003E-07;0;1
2021-05-03 11:00:00Z;8,295139E-07;0;1
2021-05-04 11:00:00Z;7,277779E-07;0;1
2021-05-05 11:00:00Z;1,072916E-06;0;1
2021-05-06 11:00:00Z;1,433332E-06;0;1
2021-05-07 11:00:00Z;8,006948E-07;0;1
2021-05-08 11:00:00Z;7,149308E-07;0;1
2021-05-09 11:00:00Z;5,213889E-06;0;1
2021-05-10 11:00:00Z;5,521076E-05;0;1
2021-05-11 11:00:00Z;1,083229E-05;0;1
2021-05-12 11:00:00Z;0,0001387917;0;1
2021-05-13 11:00:00Z;1,035174E-05;0;1
2021-05-14 11:00:00Z;5,583679E-06;0;1
2021-05-15 11:00:00Z;8,036806E-06;0;1
2021-05-16 11:00:00Z;3,038334E-05;0;1
2021-05-17 11:00:00Z;9,212324E-05;0;1
2021-05-18 11:00:00Z;2,197361E-05;0;1
2021-05-19 11:00:00Z;2,997224E-06;0;1
2021-05-20 11:00:00Z;8,031252E-07;0;1
2021-05-21 11:00:00Z;6,784721E-07;0;1
2021-05-22 11:00:00Z;9,631942E-07;0;1
2021-05-23 11:00:00Z;1,242708E-06;0;1
2021-05-24 11:00:00Z;2,691667E-06;0;1
2021-05-25 11:00:00Z;1,044096E-06;0;1
2021-05-26 11:00:00Z;3,965764E-05;0;1
2021-05-27 11:00:00Z;8,597183E-06;0;1
2021-05-28 11:00:00Z;9,350691E-07;0;1
2021-05-29 11:00:00Z;8,923604E-07;0;1
2021-05-30 11:00:00Z;9,427079E-07;0;1
2021-05-31 11:00:00Z;9,999989E-07;0;1
2021-06-01 11:00:00Z;1,007291E-06;0;1
2021-06-02 11:00:00Z;9,940964E-07;0;1
2021-06-03 11:00:00Z;9,749992E-07;0;1
2021-06-04 11:00:00Z;1,029165E-06;0;1
2021-06-05 11:00:00Z;9,326389E-07;0;1
2021-06-06 11:00:00Z;8,336808E-07;0;1
2021-06-07 11:00:00Z;8,989578E-07;0;1
2021-06-08 11:00:00Z;1,007638E-06;0;1
2021-06-09 11:00:00Z;1,079166E-06;0;1
2021-06-10 11:00:00Z;1,166318E-06;0;1
2021-06-11 11:00:00Z;1,147221E-06;0;1
2021-06-12 11:00:00Z;1,086804E-06;0;1
2021-06-13 11:00:00Z;9,91319E-07;0;1
2021-06-14 11:00:00Z;2,271875E-06;0;1
2021-06-15 11:00:00Z;9,93055E-07;0;1
2021-06-16 11:00:00Z;8,628472E-07;0;1
2021-06-17 11:00:00Z;1,338646E-05;0;1
2021-06-18 11:00:00Z;1,517674E-05;0;1
2021-06-19 11:00:00Z;1,126387E-06;0;1
2021-06-20 11:00:00Z;2,890971E-06;0;1
2021-06-21 11:00:00Z;1,220938E-05;0;1
2021-06-22 11:00:00Z;6,644794E-06;0;1
2021-06-23 11:00:00Z;1,143402E-06;0;1
2021-06-24 11:00:00Z;1,021478E-06;0;1
2021-06-25 11:00:00Z;9,867854E-07;0;1
2021-06-26 11:00:00Z;1,035763E-06;0;1
2021-06-27 11:00:00Z;1,080555E-06;0;1
2021-06-28 11:00:00Z;1,069791E-06;0;1
2021-06-29 11:00:00Z;1,074999E-06;0;1
2021-06-30 11:00:00Z;1,068749E-06;0;1
2021-07-01 11:00:00Z;1,130554E-06;0;1
2021-07-02 11:00:00Z;1,126388E-06;0;1
2021-07-03 11:00:00Z;1,191666E-06;0;1
2021-07-04 11:00:00Z;2,304514E-06;0;1
2021-07-05 11:00:00Z;2,88021E-06;0;1
2021-07-06 11:00:00Z;7,554928E-06;0;1
2021-07-07 11:00:00Z;8,192363E-06;0;1
2021-07-08 11:00:00Z;1,294365E-06;0;1
2021-07-09 11:00:00Z;3,513542E-06;0;1
2021-07-10 11:00:00Z;1,270729E-05;0;1
2021-07-11 11:00:00Z;2,114238E-06;0;1
2021-07-12 11:00:00Z;1,221478E-06;0;1
2021-07-13 11:00:00Z;1,120138E-06;0;1
2021-07-14 11:00:00Z;1,270486E-06;0;1
2021-07-15 11:00:00Z;1,210068E-06;0;1
2021-07-16 11:00:00Z;1,130902E-06;0;1
2021-07-17 11:00:00Z;1,150693E-06;0;1
2021-07-18 11:00:00Z;1,179224E-06;0;1
2021-07-19 11:00:00Z;1,09479E-06;0;1
2021-07-20 11:00:00Z;1,122221E-06;0;1
2021-07-21 11:00:00Z;1,097916E-06;0;1
2021-07-22 11:00:00Z;1,116318E-06;0;1
2021-07-23 11:00:00Z;1,159374E-06;0;1
2021-07-24 11:00:00Z;1,185763E-06;0;1
2021-07-25 11:00:00Z;1,122221E-06;0;1
2021-07-26 11:00:00Z;1,131249E-06;0;1
2021-07-27 11:00:00Z;3,929014E-05;0;1
2021-07-28 11:00:00Z;0,0001068926;0;1
2021-07-29 11:00:00Z;7,614965E-05;0;1
2021-07-30 11:00:00Z;1,029583E-05;0;1
2021-07-31 11:00:00Z;1,39236E-06;0;1
2021-08-01 11:00:00Z;1,120485E-06;0;1
2021-08-02 11:00:00Z;8,635417E-07;0;1
2021-08-03 11:00:00Z;9,471827E-07;0;1
2021-08-04 11:00:00Z;2,209376E-06;0;1
2021-08-05 11:00:00Z;1,259373E-06;0;1
2021-08-06 11:00:00Z;3,469445E-06;0;1
2021-08-07 11:00:00Z;1,377463E-06;0;1
2021-08-08 11:00:00Z;1,148263E-06;0;1
2021-08-09 11:00:00Z;1,221071E-06;0;1
2021-08-10 11:00:00Z;1,124285E-06;0;1
2021-08-11 11:00:00Z;1,026449E-06;0;1
2021-08-12 11:00:00Z;1,041197E-06;0;1
2021-08-13 11:00:00Z;1,035356E-06;0;1
2021-08-14 11:00:00Z;1,049305E-06;0;1
2021-08-15 11:00:00Z;1,080207E-06;0;1
2021-08-16 11:00:00Z;1,055207E-06;0;1
2021-08-17 11:00:00Z;9,927076E-07;0;1
2021-08-18 11:00:00Z;1,035069E-06;0;1
2021-08-19 11:00:00Z;1,02852E-06;0;1
2021-08-20 11:00:00Z;1,018402E-06;0;1
2021-08-21 11:00:00Z;1,030902E-06;0;1
2021-08-22 11:00:00Z;1,019148E-06;0;1
2021-08-23 11:00:00Z;1,038928E-06;0;1
2021-08-24 11:00:00Z;1,057638E-06;0;1
2021-08-25 11:00:00Z;9,913186E-07;0;1
2021-08-26 11:00:00Z;9,920132E-07;0;1
2021-08-27 11:00:00Z;1,026055E-06;0;1
2021-08-28 11:00:00Z;1,066666E-06;0;1
2021-08-29 11:00:00Z;1,095421E-06;0;1
2021-08-30 11:00:00Z;;0;1
2021-08-31 11:00:00Z;;0;1
2021-09-01 11:00:00Z;;0;1
2021-09-02 11:00:00Z;;0;1
2021-09-03 11:00:00Z;1,060069E-06;0;1
2021-09-04 11:00:00Z;1,052777E-06;0;1
2021-09-05 11:00:00Z;1,088194E-06;0;1
2021-09-06 11:00:00Z;1,015624E-06;0;1
2021-09-07 11:00:00Z;1,080207E-06;0;1
2021-09-08 11:00:00Z;1,081652E-06;0;1
2021-09-09 11:00:00Z;;0;1
2021-09-10 11:00:00Z;1,073238E-06;0;1
2021-09-11 11:00:00Z;1,734374E-06;0;1
2021-09-12 11:00:00Z;2,820486E-06;0;1
2021-09-13 11:00:00Z;1,204513E-06;0;1
2021-09-14 11:00:00Z;1,030208E-06;0;1
2021-09-15 11:00:00Z;9,295137E-07;0;1
2021-09-16 11:00:00Z;1,202083E-06;0;1
2021-09-17 11:00:00Z;1,032291E-06;0;1
2021-09-18 11:00:00Z;9,305551E-07;0;1
2021-09-19 11:00:00Z;9,218747E-07;0;1
2021-09-20 11:00:00Z;9,249994E-07;0;1
2021-09-21 11:00:00Z;1,690625E-06;0;1
2021-09-22 11:00:00Z;1,273957E-06;0;1
2021-09-23 11:00:00Z;2,415973E-06;0;1
2021-09-24 11:00:00Z;1,305555E-06;0;1
2021-09-25 11:00:00Z;1,25729E-06;0;1
2021-09-26 11:00:00Z;1,098957E-06;0;1
2021-09-27 11:00:00Z;5,149304E-06;0;1
2021-09-28 11:00:00Z;1,267465E-05;0;1
2021-09-29 11:00:00Z;1,325346E-06;0;1
2021-09-30 11:00:00Z;3,283091E-05;0;1
2021-10-01 11:00:00Z;8,982919E-05;0;1
2021-10-02 11:00:00Z;0,00025177;0;1
2021-10-03 11:00:00Z;0,0002340076;0;1
2021-10-04 11:00:00Z;5,344238E-05;0;1
2021-10-05 11:00:00Z;0,0001108313;0;1
2021-10-06 11:00:00Z;1,350521E-05;0;1
2021-10-07 11:00:00Z;5,012848E-06;0;1
2021-10-08 11:00:00Z;3,929237E-05;0;1
2021-10-09 11:00:00Z;1,157817E-05;0;1
2021-10-10 11:00:00Z;1,699375E-05;0;1
2021-10-11 11:00:00Z;8,570486E-06;0;1
2021-10-12 11:00:00Z;2,475694E-06;0;1
2021-10-13 11:00:00Z;1,063541E-06;0;1
2021-10-14 11:00:00Z;1,130554E-06;0;1
2021-10-15 11:00:00Z;9,46528E-07;0;1
2021-10-16 11:00:00Z;6,45652E-07;0;1
2021-10-17 11:00:00Z;6,232638E-07;0;1
2021-10-18 11:00:00Z;6,579859E-07;0;1
2021-10-19 11:00:00Z;6,946285E-05;0;1
2021-10-20 11:00:00Z;3,851112E-05;0;1
2021-10-21 11:00:00Z;7,32711E-06;0;1
2021-10-22 11:00:00Z;2,477083E-06;0;1
2021-10-23 11:00:00Z;1,080208E-06;0;1
2021-10-24 11:00:00Z;1,265971E-06;0;1
2021-10-25 11:00:00Z;1,927431E-06;0;1
2021-10-26 11:00:00Z;1,932292E-06;0;1
2021-10-27 11:00:00Z;3,794719E-05;0;1
2021-10-28 11:00:00Z;1,628438E-05;0;1
2021-10-29 11:00:00Z;6,881249E-06;0;1
2021-10-30 11:00:00Z;9,025693E-06;0;1
2021-10-31 11:00:00Z;6,347326E-05;0;1
2021-11-01 11:00:00Z;9,104691E-05;0;1
2021-11-02 11:00:00Z;1,215104E-05;0;1
2021-11-03 11:00:00Z;5,368405E-06;0;1
2021-11-04 11:00:00Z;3,237154E-06;0;1
2021-11-05 11:00:00Z;2,341318E-06;0;1
2021-11-06 11:00:00Z;2,595139E-06;0;1
2021-11-07 11:00:00Z;6,752849E-05;0;1
2021-11-08 11:00:00Z;8,315972E-06;0;1
2021-11-09 11:00:00Z;4,711493E-05;0;1
2021-11-10 11:00:00Z;1,068923E-05;0;1
2021-11-11 11:00:00Z;4,854577E-06;0;1
2021-11-12 11:00:00Z;2,820834E-06;0;1
2021-11-13 11:00:00Z;3,709027E-06;0;1
2021-11-14 11:00:00Z;2,158681E-06;0;1
2021-11-15 11:00:00Z;2,608334E-06;0;1
2021-11-16 11:00:00Z;2,680635E-06;0;1
2021-11-17 11:00:00Z;2,825105E-05;0;1
2021-11-18 11:00:00Z;8,928472E-06;0;1
2021-11-19 11:00:00Z;5,427084E-06;0;1
2021-11-20 11:00:00Z;2,921878E-06;0;1
2021-11-21 11:00:00Z;1,503169E-06;0;1
2021-11-22 11:00:00Z;4,281247E-07;0;1
2021-11-23 11:00:00Z;5,677083E-07;0;1
2021-11-24 11:00:00Z;6,53472E-07;0;1
2021-11-25 11:00:00Z;6,652778E-07;0;1
2021-11-26 11:00:00Z;6,538192E-07;0;1
2021-11-27 11:00:00Z;6,232636E-07;0;1
2021-11-28 11:00:00Z;6,836806E-07;0;1
2021-11-29 11:00:00Z;7,420139E-07;0;1
2021-11-30 11:00:00Z;6,687497E-07;0;1
2021-12-01 11:00:00Z;6,802081E-07;0;1
2021-12-02 11:00:00Z;6,118054E-07;0;1
2021-12-03 11:00:00Z;6,685711E-07;0;1
2021-12-04 11:00:00Z;6,888889E-07;0;1
2021-12-05 11:00:00Z;6,638888E-07;0;1
2021-12-06 11:00:00Z;6,163192E-07;0;1
2021-12-07 11:00:00Z;6,010414E-07;0;1
2021-12-08 11:00:00Z;6,315968E-07;0;1
2021-12-09 11:00:00Z;6,299294E-07;0;1
2021-12-10 11:00:00Z;6,45486E-07;0;1
2021-12-11 11:00:00Z;7,013887E-07;0;1
2021-12-12 11:00:00Z;2,132292E-06;0;1
2021-12-13 11:00:00Z;9,032637E-06;0;1
2021-12-14 11:00:00Z;3,982985E-06;0;1
2021-12-15 11:00:00Z;3,92639E-06;0;1
2021-12-16 11:00:00Z;2,212847E-06;0;1
2021-12-17 11:00:00Z;9,06945E-07;0;1
2021-12-18 11:00:00Z;5,468748E-07;0;1
2021-12-19 11:00:00Z;4,69097E-07;0;1
2021-12-20 11:00:00Z;4,975692E-07;0;1
2021-12-21 11:00:00Z;6,069441E-07;0;1
2021-12-22 11:00:00Z;6,638885E-07;0;1
2021-12-23 11:00:00Z;6,631944E-07;0;1
2021-12-24 11:00:00Z;6,534721E-07;0;1
2021-12-25 11:00:00Z;6,385414E-07;0;1
2021-12-26 11:00:00Z;6,656248E-07;0;1
2021-12-27 11:00:00Z;7,145833E-07;0;1
2021-12-28 11:00:00Z;6,94366E-07;0;1
2021-12-29 11:00:00Z;7,166667E-07;0;1
2021-12-30 11:00:00Z;7,750001E-07;0;1
2021-12-31 11:00:00Z;7,708334E-07;0;1
2022-01-01 11:00:00Z;7,777778E-07;0;1
2022-01-02 11:00:00Z;7,559026E-07;0;1
2022-01-03 11:00:00Z;4,515624E-06;0;1
2022-01-04 11:00:00Z;2,291318E-06;0;1
2022-01-05 11:00:00Z;1,340624E-06;0;1
2022-01-06 11:00:00Z;6,94097E-07;0;1
2022-01-07 11:00:00Z;5,84507E-07;0;1
2022-01-08 11:00:00Z;5,947912E-07;0;1
2022-01-09 11:00:00Z;7,045138E-07;0;1
2022-01-10 11:00:00Z;8,845066E-07;0;1
2022-01-11 11:00:00Z;2,509896E-05;0;1
2022-01-12 11:00:00Z;1,36941E-05;0;1
2022-01-13 11:00:00Z;2,432326E-05;0;1
2022-01-14 11:00:00Z;6,165972E-05;0;1
2022-01-15 11:00:00Z;3,279861E-06;0;1
2022-01-16 11:00:00Z;1,290971E-06;0;1
2022-01-17 11:00:00Z;5,927081E-07;0;1
2022-01-18 11:00:00Z;3,506944E-07;0;1
2022-01-19 11:00:00Z;7,133681E-06;0;1
2022-01-20 11:00:00Z;1,584028E-06;0;1
2022-01-21 11:00:00Z;4,878473E-07;0;1
2022-01-22 11:00:00Z;4,892357E-07;0;1
2022-01-23 11:00:00Z;5,371523E-07;0;1
2022-01-24 11:00:00Z;5,697913E-07;0;1
2022-01-25 11:00:00Z;5,28819E-07;0;1
2022-01-26 11:00:00Z;5,954859E-07;0;1
2022-01-27 11:00:00Z;8,551737E-06;0;1
2022-01-28 11:00:00Z;2,024653E-06;0;1
2022-01-29 11:00:00Z;1,894584E-05;0;1
2022-01-30 11:00:00Z;3,388541E-06;0;1
2022-01-31 11:00:00Z;1,32986E-06;0;1
2022-02-01 11:00:00Z;5,513884E-07;0;1
2022-02-02 11:00:00Z;4,961805E-07;0;1
2022-02-03 11:00:00Z;4,895832E-07;0;1
2022-02-04 11:00:00Z;8,35625E-06;0;1
2022-02-05 11:00:00Z;7,834028E-06;0;1
2022-02-06 11:00:00Z;8,560762E-06;0;1
2022-02-07 11:00:00Z;1,674306E-06;0;1
2022-02-08 11:00:00Z;3,617708E-06;0;1
2022-02-09 11:00:00Z;2,831598E-06;0;1
2022-02-10 11:00:00Z;1,971875E-06;0;1
2022-02-11 11:00:00Z;1,13993E-06;0;1
2022-02-12 11:00:00Z;2,081632E-05;0;1
2022-02-13 11:00:00Z;6,631287E-05;0;1
2022-02-14 11:00:00Z;0,0001842635;0;1
2022-02-15 11:00:00Z;0,0001655368;0;1
2022-02-16 11:00:00Z;4,952916E-05;0;1
2022-02-17 11:00:00Z;9,51632E-06;0;1
2022-02-18 11:00:00Z;3,225E-06;0;1
2022-02-19 11:00:00Z;1,527778E-06;0;1
2022-02-20 11:00:00Z;7,097221E-07;0;1
2022-02-21 11:00:00Z;5,847221E-07;0;1
2022-02-22 11:00:00Z;4,934026E-07;0;1
2022-02-23 11:00:00Z;1,463194E-06;0;1
2022-02-24 11:00:00Z;1,248264E-05;0;1
2022-02-25 11:00:00Z;4,854168E-06;0;1
2022-02-26 11:00:00Z;1,868055E-06;0;1
2022-02-27 11:00:00Z;2,951043E-06;0;1
2022-02-28 11:00:00Z;3,76146E-06;0;1
2022-03-01 11:00:00Z;8,905905E-06;0;1
2022-03-02 11:00:00Z;6,364238E-06;0;1
2022-03-03 11:00:00Z;3,298614E-06;0;1
2022-03-04 11:00:00Z;1,794444E-06;0;1
2022-03-05 11:00:00Z;1,496181E-06;0;1
2022-03-06 11:00:00Z;1,280208E-06;0;1
2022-03-07 11:00:00Z;1,616666E-06;0;1
2022-03-08 11:00:00Z;1,758681E-06;0;1
2022-03-09 11:00:00Z;1,29479E-06;0;1
2022-03-10 11:00:00Z;9,48264E-07;0;1
2022-03-11 11:00:00Z;2,184028E-06;0;1
2022-03-12 11:00:00Z;1,574305E-06;0;1
2022-03-13 11:00:00Z;1,214931E-06;0;1
2022-03-14 11:00:00Z;1,168403E-06;0;1
2022-03-15 11:00:00Z;1,157986E-06;0;1
2022-03-16 11:00:00Z;2,096876E-06;0;1
2022-03-17 11:00:00Z;6,137152E-06;0;1
2022-03-18 11:00:00Z;1,197778E-05;0;1
2022-03-19 11:00:00Z;7,971874E-06;0;1
2022-03-20 11:00:00Z;6,74757E-06;0;1
2022-03-21 11:00:00Z;5,042708E-06;0;1
2022-03-22 11:00:00Z;5,096529E-06;0;1
2022-03-23 11:00:00Z;4,820488E-06;0;1
2022-03-24 11:00:00Z;6,875696E-06;0;1
2022-03-25 11:00:00Z;7,350001E-06;0;1
2022-03-26 11:00:00Z;5,394793E-06;0;1
2022-03-27 11:00:00Z;5,104166E-06;0;1
2022-03-28 11:00:00Z;4,682639E-06;0;1
2022-03-29 11:00:00Z;2,311807E-06;0;1
2022-03-30 11:00:00Z;1,130903E-06;0;1
2022-03-31 11:00:00Z;6,159719E-07;0;1
2022-04-01 11:00:00Z;5,718748E-07;0;1
2022-04-02 11:00:00Z;5,427079E-07;0;1
2022-04-03 11:00:00Z;6,232639E-07;0;1
2022-04-04 11:00:00Z;1,190247E-05;0;1
2022-04-05 11:00:00Z;3,678725E-06;0;1
2022-04-06 11:00:00Z;1,719791E-06;0;1
2022-04-07 11:00:00Z;1,156944E-06;0;1
2022-04-08 11:00:00Z;6,201385E-07;0;1
2022-04-09 11:00:00Z;6,656248E-07;0;1
2022-04-10 11:00:00Z;7,319445E-07;0;1
2022-04-11 11:00:00Z;7,972226E-07;0;1
2022-04-12 11:00:00Z;7,756944E-07;0;1
2022-04-13 11:00:00Z;3,796875E-06;0;1
2022-04-14 11:00:00Z;3,736459E-06;0;1
2022-04-15 11:00:00Z;1,42361E-06;0;1
2022-04-16 11:00:00Z;8,197924E-07;0;1
2022-04-17 11:00:00Z;6,607639E-07;0;1
2022-04-18 11:00:00Z;7,583333E-07;0;1
2022-04-19 11:00:00Z;8,451389E-07;0;1
2022-04-20 11:00:00Z;8,680553E-07;0;1
2022-04-21 11:00:00Z;9,031246E-07;0;1
2022-04-22 11:00:00Z;8,930554E-07;0;1
2022-04-23 11:00:00Z;8,788193E-07;0;1
2022-04-24 11:00:00Z;8,690971E-07;0;1
2022-04-25 11:00:00Z;8,982635E-07;0;1
2022-04-26 11:00:00Z;8,954858E-07;0;1
2022-04-27 11:00:00Z;8,493054E-07;0;1
2022-04-28 11:00:00Z;8,777773E-07;0;1
2022-04-29 11:00:00Z;8,673608E-07;0;1
2022-04-30 11:00:00Z;8,718749E-07;0;1
2022-05-01 11:00:00Z;9,138882E-07;0;1
2022-05-02 11:00:00Z;9,208329E-07;0;1
2022-05-03 11:00:00Z;9,16319E-07;0;1
2022-05-04 11:00:00Z;9,593745E-07;0;1
2022-05-05 11:00:00Z;9,475688E-07;0;1
2022-05-06 11:00:00Z;9,072914E-07;0;1
2022-05-07 11:00:00Z;9,416665E-07;0;1
2022-05-08 11:00:00Z;9,215276E-07;0;1
2022-05-09 11:00:00Z;9,357635E-07;0;1
2022-05-10 11:00:00Z;9,482636E-07;0;1
2022-05-11 11:00:00Z;9,399304E-07;0;1
2022-05-12 11:00:00Z;8,58333E-07;0;1
2022-05-13 11:00:00Z;9,15972E-07;0;1
2022-05-14 11:00:00Z;9,017358E-07;0;1
2022-05-15 11:00:00Z;8,8125E-07;0;1
2022-05-16 11:00:00Z;8,84375E-07;0;1
2022-05-17 11:00:00Z;8,815967E-07;0;1
2022-05-18 11:00:00Z;9,027775E-07;0;1
2022-05-19 11:00:00Z;9,687492E-07;0;1
2022-05-20 11:00:00Z;9,708326E-07;0;1
2022-05-21 11:00:00Z;1,045833E-06;0;1
2022-05-22 11:00:00Z;1,019096E-06;0;1
2022-05-23 11:00:00Z;1,028819E-06;0;1
2022-05-24 11:00:00Z;1,305209E-06;0;1
2022-05-25 11:00:00Z;1,163888E-06;0;1
2022-05-26 11:00:00Z;2,429896E-05;0;1
2022-05-27 11:00:00Z;1,010416E-06;0;1
2022-05-28 11:00:00Z;8,71875E-07;0;1
2022-05-29 11:00:00Z;7,760418E-07;0;1
2022-05-30 11:00:00Z;1,580208E-06;0;1
2022-05-31 11:00:00Z;1,209374E-06;0;1
2022-06-01 11:00:00Z;9,847224E-07;0;1
2022-06-02 11:00:00Z;8,701385E-07;0;1
2022-06-03 11:00:00Z;5,021876E-06;0;1
2022-06-04 11:00:00Z;2,185071E-06;0;1
2022-06-05 11:00:00Z;1,069443E-06;0;1
2022-06-06 11:00:00Z;9,600687E-07;0;1
2022-06-07 11:00:00Z;9,607631E-07;0;1
2022-06-08 11:00:00Z;2,017222E-05;0;1
2022-06-09 11:00:00Z;1,679167E-06;0;1
2022-06-10 11:00:00Z;1,160762E-06;0;1
2022-06-11 11:00:00Z;2,554409E-05;0;1
2022-06-12 11:00:00Z;7,772918E-06;0;1
2022-06-13 11:00:00Z;1,196874E-06;0;1
2022-06-14 11:00:00Z;9,906246E-07;0;1
2022-06-15 11:00:00Z;9,722214E-07;0;1
2022-06-16 11:00:00Z;9,72569E-07;0;1
2022-06-17 11:00:00Z;3,071875E-06;0;1
2022-06-18 11:00:00Z;2,524306E-06;0;1
2022-06-19 11:00:00Z;1,140971E-06;0;1
2022-06-20 11:00:00Z;1,01493E-06;0;1
2022-06-21 11:00:00Z;1,048238E-06;0;1
2022-06-22 11:00:00Z;1,070485E-06;0;1
2022-06-23 11:00:00Z;1,080555E-06;0;1
2022-06-24 11:00:00Z;1,121179E-06;0;1
2022-06-25 11:00:00Z;1,04861E-06;0;1
2022-06-26 11:00:00Z;3,043055E-06;0;1
2022-06-27 11:00:00Z;2,08816E-05;0;1
2022-06-28 11:00:00Z;2,640278E-05;0;1
2022-06-29 11:00:00Z;1,545139E-06;0;1
2022-06-30 11:00:00Z;1,140623E-06;0;1
2022-07-01 11:00:00Z;2,591667E-06;0;1
2022-07-02 11:00:00Z;4,275312E-05;0;1
2022-07-03 11:00:00Z;1,941319E-06;0;1
2022-07-04 11:00:00Z;1,266665E-06;0;1
2022-07-05 11:00:00Z;1,035763E-06;0;1
2022-07-06 11:00:00Z;1,112847E-06;0;1
2022-07-07 11:00:00Z;7,591668E-06;0;1
2022-07-08 11:00:00Z;1,178818E-06;0;1
2022-07-09 11:00:00Z;8,694444E-07;0;1
2022-07-10 11:00:00Z;7,618056E-07;0;1
2022-07-11 11:00:00Z;8,616195E-07;0;1
2022-07-12 11:00:00Z;9,024303E-07;0;1
2022-07-13 11:00:00Z;9,371524E-07;0;1
2022-07-14 11:00:00Z;8,322913E-07;0;1
2022-07-15 11:00:00Z;8,954858E-07;0;1
2022-07-16 11:00:00Z;8,979162E-07;0;1
2022-07-17 11:00:00Z;9,277771E-07;0;1
2022-07-18 11:00:00Z;9,767356E-07;0;1
2022-07-19 11:00:00Z;9,975686E-07;0;1
2022-07-20 11:00:00Z;9,906244E-07;0;1
2022-07-21 11:00:00Z;1,014583E-06;0;1
2022-07-22 11:00:00Z;2,12743E-06;0;1
2022-07-23 11:00:00Z;1,203819E-06;0;1
2022-07-24 11:00:00Z;1,065971E-06;0;1
2022-07-25 11:00:00Z;1,183333E-06;0;1
2022-07-26 11:00:00Z;1,170137E-06;0;1
2022-07-27 11:00:00Z;9,950701E-07;0;1
2022-07-28 11:00:00Z;9,680551E-07;0;1
2022-07-29 11:00:00Z;1,07118E-06;0;1
2022-07-30 11:00:00Z;1,074999E-06;0;1
2022-07-31 11:00:00Z;1,048957E-06;0;1
2022-08-01 11:00:00Z;3,526043E-06;0;1
2022-08-02 11:00:00Z;7,290624E-06;0;1
2022-08-03 11:00:00Z;3,55625E-06;0;1
2022-08-04 11:00:00Z;1,429166E-06;0;1
2022-08-05 11:00:00Z;1,355207E-06;0;1
2022-08-06 11:00:00Z;1,069444E-06;0;1
2022-08-07 11:00:00Z;9,208329E-07;0;1
2022-08-08 11:00:00Z;9,288729E-07;0;1
2022-08-09 11:00:00Z;9,142357E-07;0;1
2022-08-10 11:00:00Z;8,597223E-07;0;1
2022-08-11 11:00:00Z;9,159718E-07;0;1
2022-08-12 11:00:00Z;1,009721E-06;0;1
2022-08-13 11:00:00Z;1,04861E-06;0;1
2022-08-14 11:00:00Z;1,038541E-06;0;1
2022-08-15 11:00:00Z;9,843744E-07;0;1
2022-08-16 11:00:00Z;5,617117E-05;0;1
2022-08-17 11:00:00Z;4,751388E-06;0;1
2022-08-18 11:00:00Z;1,291318E-06;0;1
2022-08-19 11:00:00Z;1,238541E-06;0;1
2022-08-20 11:00:00Z;1,104513E-06;0;1
2022-08-21 11:00:00Z;1,212153E-06;0;1
2022-08-22 11:00:00Z;1,122568E-06;0;1
2022-08-23 11:00:00Z;9,888881E-07;0;1
2022-08-24 11:00:00Z;9,874993E-07;0;1
2022-08-25 11:00:00Z;1,017361E-06;0;1
2022-08-26 11:00:00Z;1,043749E-06;0;1
2022-08-27 11:00:00Z;1,080555E-06;0;1
2022-08-28 11:00:00Z;1,06514E-06;0;1
2022-08-29 11:00:00Z;9,965271E-07;0;1
2022-08-30 11:00:00Z;9,666662E-07;0;1
2022-08-31 11:00:00Z;9,774299E-07;0;1
2022-09-01 11:00:00Z;9,552076E-07;0;1
2022-09-02 11:00:00Z;9,795134E-07;0;1
2022-09-03 11:00:00Z;9,312498E-07;0;1
2022-09-04 11:00:00Z;9,253467E-07;0;1
2022-09-05 11:00:00Z;9,180552E-07;0;1
2022-09-06 11:00:00Z;9,828459E-07;0;1
2022-09-07 11:00:00Z;9,440967E-07;0;1
2022-09-08 11:00:00Z;9,319445E-07;0;1
2022-09-09 11:00:00Z;8,684025E-07;0;1
2022-09-10 11:00:00Z;9,079855E-07;0;1
2022-09-11 11:00:00Z;9,190967E-07;0;1
2022-09-12 11:00:00Z;1,844444E-06;0;1
2022-09-13 11:00:00Z;2,358716E-05;0;1
2022-09-14 11:00:00Z;1,401407E-06;0;1
2022-09-15 11:00:00Z;1,07007E-06;0;1
2022-09-16 11:00:00Z;8,806336E-07;0;1
2022-09-17 11:00:00Z;7,621528E-07;0;1
2022-09-18 11:00:00Z;8,27778E-07;0;1
2022-09-19 11:00:00Z;8,427085E-07;0;1
2022-09-20 11:00:00Z;8,361114E-07;0;1
2022-09-21 11:00:00Z;8,979166E-07;0;1
2022-09-22 11:00:00Z;9,156244E-07;0;1
2022-09-23 11:00:00Z;9,166903E-06;0;1
2022-09-24 11:00:00Z;3,309027E-06;0;1
2022-09-25 11:00:00Z;1,269443E-06;0;1
2022-09-26 11:00:00Z;1,443542E-05;0;1
2022-09-27 11:00:00Z;2,547188E-05;0;1
2022-09-28 11:00:00Z;3,604169E-06;0;1
2022-09-29 11:00:00Z;1,250345E-06;0;1
2022-09-30 11:00:00Z;9,145832E-07;0;1
2022-10-01 11:00:00Z;3,485069E-06;0;1
2022-10-02 11:00:00Z;9,093748E-06;0;1
2022-10-03 11:00:00Z;2,559029E-06;0;1
2022-10-04 11:00:00Z;1,206596E-06;0;1
2022-10-05 11:00:00Z;1,248785E-05;0;1
2022-10-06 11:00:00Z;1,456459E-05;0;1
2022-10-07 11:00:00Z;3,190972E-06;0;1
2022-10-08 11:00:00Z;1,63889E-06;0;1
2022-10-09 11:00:00Z;8,937499E-07;0;1
2022-10-10 11:00:00Z;8,576395E-07;0;1
2022-10-11 11:00:00Z;7,607644E-07;0;1
2022-10-12 11:00:00Z;8,18403E-07;0;1
2022-10-13 11:00:00Z;3,90743E-05;0;1
2022-10-14 11:00:00Z;1,267673E-05;0;1
2022-10-15 11:00:00Z;6,909376E-05;0;1
2022-10-16 11:00:00Z;0,0001219948;0;1
2022-10-17 11:00:00Z;1,755834E-05;0;1
2022-10-18 11:00:00Z;4,560176E-05;0;1
2022-10-19 11:00:00Z;8,167707E-06;0;1
2022-10-20 11:00:00Z;4,702085E-06;0;1
2022-10-21 11:00:00Z;3,338195E-06;0;1
2022-10-22 11:00:00Z;2,295136E-06;0;1
2022-10-23 11:00:00Z;;0;1
2022-10-24 11:00:00Z;;0;1
2022-10-25 11:00:00Z;;0;1
2022-10-26 11:00:00Z;;0;1
2022-10-27 11:00:00Z;;0;1
2022-10-28 11:00:00Z;;0;1
2022-10-29 11:00:00Z;;0;1
2022-10-30 11:00:00Z;;0;1
2022-10-31 11:00:00Z;;0;1
2022-11-01 11:00:00Z;;0;1
2022-11-02 11:00:00Z;;0;1
2022-11-03 11:00:00Z;2,80427E-05;0;1
2022-11-04 11:00:00Z;4,057187E-05;0;1
2022-11-05 11:00:00Z;3,001458E-05;0;1
2022-11-06 11:00:00Z;6,098543E-05;0;1
2022-11-07 11:00:00Z;0,0001456201;0;1
2022-11-08 11:00:00Z;3,452639E-05;0;1
2022-11-09 11:00:00Z;6,403231E-05;0;1
2022-11-10 11:00:00Z;1,654063E-05;0;1
2022-11-11 11:00:00Z;1,074271E-05;0;1
2022-11-12 11:00:00Z;4,973265E-06;0;1
2022-11-13 11:00:00Z;3,428472E-06;0;1
2022-11-14 11:00:00Z;3,014237E-06;0;1
2022-11-15 11:00:00Z;2,03264E-06;0;1
2022-11-16 11:00:00Z;1,217707E-06;0;1
2022-11-17 11:00:00Z;9,072915E-07;0;1
2022-11-18 11:00:00Z;6,343744E-07;0;1
2022-11-19 11:00:00Z;5,666664E-07;0;1
2022-11-20 11:00:00Z;5,499998E-07;0;1
2022-11-21 11:00:00Z;5,76736E-07;0;1
2022-11-22 11:00:00Z;5,961802E-07;0;1
2022-11-23 11:00:00Z;4,132292E-06;0;1
2022-11-24 11:00:00Z;1,27E-05;0;1
2022-11-25 11:00:00Z;1,578438E-05;0;1
2022-11-26 11:00:00Z;1,318646E-05;0;1
2022-11-27 11:00:00Z;4,354792E-05;0;1
2022-11-28 11:00:00Z;1,065833E-05;0;1
2022-11-29 11:00:00Z;5,665626E-06;0;1
2022-11-30 11:00:00Z;5,232292E-06;0;1
2022-12-01 11:00:00Z;3,648956E-06;0;1
2022-12-02 11:00:00Z;2,477431E-06;0;1
2022-12-03 11:00:00Z;2,048958E-06;0;1
2022-12-04 11:00:00Z;1,240971E-06;0;1
2022-12-05 11:00:00Z;5,874999E-07;0;1
2022-12-06 11:00:00Z;5,423609E-07;0;1
2022-12-07 11:00:00Z;4,336805E-07;0;1
2022-12-08 11:00:00Z;4,788192E-07;0;1
2022-12-09 11:00:00Z;4,937498E-07;0;1
2022-12-10 11:00:00Z;5,968749E-07;0;1
2022-12-11 11:00:00Z;5,729164E-07;0;1
2022-12-12 11:00:00Z;6,645834E-07;0;1
2022-12-13 11:00:00Z;9,263885E-07;0;1
2022-12-14 11:00:00Z;8,121527E-07;0;1
2022-12-15 11:00:00Z;8,013888E-07;0;1
2022-12-16 11:00:00Z;8,642358E-07;0;1
2022-12-17 11:00:00Z;8,621532E-07;0;1
2022-12-18 11:00:00Z;9,3368E-07;0;1
2022-12-19 11:00:00Z;9,524301E-07;0;1
2022-12-20 11:00:00Z;1,104862E-06;0;1
2022-12-21 11:00:00Z;1,617812E-05;0;1
2022-12-22 11:00:00Z;5,570416E-05;0;1
2022-12-23 11:00:00Z;1,04007E-05;0;1
2022-12-24 11:00:00Z;1,187152E-06;0;1
2022-12-25 11:00:00Z;6,975695E-07;0;1
2022-12-26 11:00:00Z;0,0002032014;0;1
2022-12-27 11:00:00Z;2,453577E-05;0;1
2022-12-28 11:00:00Z;2,924305E-06;0;1
2022-12-29 11:00:00Z;1,278299E-05;0;1
2022-12-30 11:00:00Z;8,285971E-05;0;1
2022-12-31 11:00:00Z;0,0001073524;0;1
2023-01-01 11:00:00Z;5,814933E-06;0;1
2023-01-02 11:00:00Z;1,374999E-06;0;1
2023-01-03 11:00:00Z;5,993053E-07;0;1
2023-01-04 11:00:00Z;6,052084E-07;0;1
2023-01-05 11:00:00Z;7,0625E-07;0;1
2023-01-06 11:00:00Z;6,763889E-07;0;1
2023-01-07 11:00:00Z;2,367708E-06;0;1
2023-01-08 11:00:00Z;0,0002554535;0;1
2023-01-09 11:00:00Z;0,0001110531;0;1
2023-01-10 11:00:00Z;3,721493E-05;0;1
2023-01-11 11:00:00Z;8,799562E-05;0;1
2023-01-12 11:00:00Z;2,424757E-05;0;1
2023-01-13 11:00:00Z;9,5441E-05;0;1
2023-01-14 11:00:00Z;4,815001E-05;0;1
2023-01-15 11:00:00Z;8,643127E-05;0;1
2023-01-16 11:00:00Z;1,30588E-05;0;1
2023-01-17 11:00:00Z;3,87625E-05;0;1
2023-01-18 11:00:00Z;3,285973E-05;0;1
2023-01-19 11:00:00Z;1,369236E-05;0;1
2023-01-20 11:00:00Z;4,720138E-06;0;1
2023-01-21 11:00:00Z;2,082292E-06;0;1
2023-01-22 11:00:00Z;1,226388E-06;0;1
2023-01-23 11:00:00Z;6,201386E-07;0;1
2023-01-24 11:00:00Z;7,222221E-07;0;1
2023-01-25 11:00:00Z;2,418056E-06;0;1
2023-01-26 11:00:00Z;2,58368E-06;0;1
2023-01-27 11:00:00Z;1,407291E-06;0;1
2023-01-28 11:00:00Z;6,559023E-07;0;1
2023-01-29 11:00:00Z;6,788194E-07;0;1
2023-01-30 11:00:00Z;7,791668E-07;0;1
2023-01-31 11:00:00Z;6,572913E-07;0;1
2023-02-01 11:00:00Z;6,156248E-07;0;1
2023-02-02 11:00:00Z;6,354165E-07;0;1
2023-02-03 11:00:00Z;6,295136E-07;0;1
2023-02-04 11:00:00Z;6,749997E-07;0;1
2023-02-05 11:00:00Z;1,060069E-06;0;1
2023-02-06 11:00:00Z;7,645833E-07;0;1
2023-02-07 11:00:00Z;6,34722E-07;0;1
2023-02-08 11:00:00Z;7,024999E-06;0;1
2023-02-09 11:00:00Z;1,393785E-05;0;1
2023-02-10 11:00:00Z;3,102431E-06;0;1
2023-02-11 11:00:00Z;1,800695E-06;0;1
2023-02-12 11:00:00Z;1,593056E-06;0;1
2023-02-13 11:00:00Z;1,752778E-06;0;1
2023-02-14 11:00:00Z;1,698264E-06;0;1
2023-02-15 11:00:00Z;1,657292E-06;0;1
2023-02-16 11:00:00Z;3,228819E-06;0;1
2023-02-17 11:00:00Z;0,0001204253;0;1
2023-02-18 11:00:00Z;1,379549E-05;0;1
2023-02-19 11:00:00Z;3,417362E-06;0;1
2023-02-20 11:00:00Z;1,959896E-05;0;1
2023-02-21 11:00:00Z;7,980209E-06;0;1
2023-02-22 11:00:00Z;3,286113E-06;0;1
2023-02-23 11:00:00Z;1,181632E-05;0;1
2023-02-24 11:00:00Z;9,505902E-06;0;1
2023-02-25 11:00:00Z;4,517015E-06;0;1
2023-02-26 11:00:00Z;2,540625E-06;0;1
2023-02-27 11:00:00Z;4,654861E-06;0;1
2023-02-28 11:00:00Z;5,844792E-06;0;1
2023-03-01 11:00:00Z;8,114583E-06;0;1
2023-03-02 11:00:00Z;6,475001E-06;0;1
2023-03-03 11:00:00Z;3,373959E-06;0;1
2023-03-04 11:00:00Z;1,955903E-06;0;1
2023-03-05 11:00:00Z;1,377083E-06;0;1
2023-03-06 11:00:00Z;8,749999E-07;0;1
2023-03-07 11:00:00Z;5,687498E-07;0;1
2023-03-08 11:00:00Z;5,77083E-07;0;1
2023-03-09 11:00:00Z;6,159719E-07;0;1
2023-03-10 11:00:00Z;6,611108E-07;0;1
2023-03-11 11:00:00Z;7,451387E-07;0;1
2023-03-12 11:00:00Z;7,232637E-07;0;1
2023-03-13 11:00:00Z;7,027777E-07;0;1
2023-03-14 11:00:00Z;7,927087E-07;0;1
2023-03-15 11:00:00Z;1,532639E-06;0;1
2023-03-16 11:00:00Z;1,258679E-06;0;1
2023-03-17 11:00:00Z;3,930869E-05;0;1
2023-03-18 11:00:00Z;0,0001365028;0;1
2023-03-19 11:00:00Z;4,653612E-05;0;1
2023-03-20 11:00:00Z;6,004688E-05;0;1
2023-03-21 11:00:00Z;1,91684E-05;0;1
2023-03-22 11:00:00Z;0,0001053507;0;1
2023-03-23 11:00:00Z;5,742986E-05;0;1
2023-03-24 11:00:00Z;3,926077E-05;0;1
2023-03-25 11:00:00Z;7,160659E-05;0;1
2023-03-26 11:00:00Z;1,225382E-05;0;1
2023-03-27 11:00:00Z;4,045832E-06;0;1
2023-03-28 11:00:00Z;1,813889E-06;0;1
2023-03-29 11:00:00Z;4,086805E-06;0;1
2023-03-30 11:00:00Z;2,775926E-06;0;1
2023-03-31 11:00:00Z;4,314584E-06;0;1
2023-04-01 11:00:00Z;4,629514E-06;0;1
2023-04-02 11:00:00Z;4,395835E-06;0;1
2023-04-03 11:00:00Z;4,877084E-06;0;1
2023-04-04 11:00:00Z;6,4941E-06;0;1
2023-04-05 11:00:00Z;7,123959E-06;0;1
2023-04-06 11:00:00Z;8,266322E-06;0;1
2023-04-07 11:00:00Z;1,118785E-05;0;1
2023-04-08 11:00:00Z;9,447223E-06;0;1
2023-04-09 11:00:00Z;9,110069E-06;0;1
2023-04-10 11:00:00Z;1,38434E-05;0;1
2023-04-11 11:00:00Z;4,288508E-05;0;1
2023-04-12 11:00:00Z;2,255278E-05;0;1
2023-04-13 11:00:00Z;7,502952E-05;0;1
2023-04-14 11:00:00Z;8,938542E-05;0;1
2023-04-15 11:00:00Z;0,0001572195;0;1
2023-04-16 11:00:00Z;1,565243E-05;0;1
2023-04-17 11:00:00Z;8,378819E-06;0;1
2023-04-18 11:00:00Z;4,827083E-06;0;1
2023-04-19 11:00:00Z;2,262153E-06;0;1
2023-04-20 11:00:00Z;9,225697E-07;0;1
2023-04-21 11:00:00Z;7,985918E-07;0;1
2023-04-22 11:00:00Z;7,211807E-07;0;1
2023-04-23 11:00:00Z;3,532708E-05;0;1
2023-04-24 11:00:00Z;7,844826E-05;0;1
2023-04-25 11:00:00Z;0,0002565886;0;1
2023-04-26 11:00:00Z;1,274723E-05;0;1
2023-04-27 11:00:00Z;3,832987E-06;0;1
2023-04-28 11:00:00Z;1,202429E-06;0;1
2023-04-29 11:00:00Z;7,204861E-07;0;1
2023-04-30 11:00:00Z;7,187501E-07;0;1
2023-05-01 11:00:00Z;8,52986E-06;0;1
2023-05-02 11:00:00Z;3,524652E-06;0;1
2023-05-03 11:00:00Z;9,388885E-07;0;1
2023-05-04 11:00:00Z;7,621529E-07;0;1
2023-05-05 11:00:00Z;7,645835E-07;0;1
2023-05-06 11:00:00Z;7,736112E-07;0;1
2023-05-07 11:00:00Z;8,572912E-07;0;1
2023-05-08 11:00:00Z;8,961803E-07;0;1
2023-05-09 11:00:00Z;9,722215E-07;0;1
2023-05-10 11:00:00Z;;0;1
2023-05-11 11:00:00Z;;0;1
2023-05-12 11:00:00Z;;0;1
2023-05-13 11:00:00Z;;0;1
2023-05-14 11:00:00Z;;0;1
2023-05-15 11:00:00Z;;0;1
2023-05-16 11:00:00Z;;0;1
2023-05-17 11:00:00Z;;0;1
2023-05-18 11:00:00Z;;0;1
2023-05-19 11:00:00Z;;0;1
2023-05-20 11:00:00Z;;0;1
2023-05-21 11:00:00Z;;0;1
2023-05-22 11:00:00Z;;0;1
2023-05-23 11:00:00Z;;0;1
2023-05-24 11:00:00Z;;0;1
2023-05-25 11:00:00Z;;0;1
2023-05-26 11:00:00Z;8,694444E-07;0;1
2023-05-27 11:00:00Z;9,09722E-07;0;1
2023-05-28 11:00:00Z;8,475696E-07;0;1
2023-05-29 11:00:00Z;8,131943E-07;0;1
2023-05-30 11:00:00Z;8,840277E-07;0;1
2023-05-31 11:00:00Z;8,927079E-07;0;1
2023-06-01 11:00:00Z;8,885414E-07;0;1
2023-06-02 11:00:00Z;8,572918E-07;0;1
2023-06-03 11:00:00Z;9,090277E-07;0;1
2023-06-04 11:00:00Z;9,253473E-07;0;1
2023-06-05 11:00:00Z;9,565966E-07;0;1
2023-06-06 11:00:00Z;9,274301E-07;0;1
2023-06-07 11:00:00Z;9,763882E-07;0;1
2023-06-08 11:00:00Z;9,55902E-07;0;1
2023-06-09 11:00:00Z;9,784717E-07;0;1
2023-06-10 11:00:00Z;1,020138E-06;0;1
2023-06-11 11:00:00Z;9,874992E-07;0;1
2023-06-12 11:00:00Z;1,007985E-06;0;1
2023-06-13 11:00:00Z;9,586801E-07;0;1
2023-06-14 11:00:00Z;8,878471E-07;0;1
2023-06-15 11:00:00Z;8,156252E-07;0;1
2023-06-16 11:00:00Z;8,572916E-07;0;1
2023-06-17 11:00:00Z;9,940966E-07;0;1
2023-06-18 11:00:00Z;1,041666E-06;0;1
2023-06-19 11:00:00Z;1,106596E-06;0;1
2023-06-20 11:00:00Z;1,217605E-06;0;1
2023-06-21 11:00:00Z;7,40625E-06;0;1
2023-06-22 11:00:00Z;1,392604E-06;0;1
2023-06-23 11:00:00Z;1,072568E-06;0;1
2023-06-24 11:00:00Z;1,072569E-06;0;1
2023-06-25 11:00:00Z;1,094096E-06;0;1
2023-06-26 11:00:00Z;3,327778E-06;0;1
2023-06-27 11:00:00Z;3,296527E-06;0;1
2023-06-28 11:00:00Z;1,263887E-06;0;1
2023-06-29 11:00:00Z;1,106596E-06;0;1
2023-06-30 11:00:00Z;2,094446E-06;0;1
2023-07-01 11:00:00Z;1,097221E-06;0;1
2023-07-02 11:00:00Z;8,659028E-06;0;1
2023-07-03 11:00:00Z;1,809376E-06;0;1
2023-07-04 11:00:00Z;1,103818E-06;0;1
2023-07-05 11:00:00Z;1,013541E-06;0;1
2023-07-06 11:00:00Z;1,109861E-05;0;1
2023-07-07 11:00:00Z;1,723264E-06;0;1
2023-07-08 11:00:00Z;1,397568E-06;0;1
2023-07-09 11:00:00Z;1,06493E-06;0;1
2023-07-10 11:00:00Z;1,037152E-06;0;1
2023-07-11 11:00:00Z;7,889237E-06;0;1
2023-07-12 11:00:00Z;1,305903E-05;0;1
2023-07-13 11:00:00Z;3,461805E-06;0;1
2023-07-14 11:00:00Z;1,538194E-06;0;1
2023-07-15 11:00:00Z;2,978125E-06;0;1
2023-07-16 11:00:00Z;7,488923E-05;0;1
2023-07-17 11:00:00Z;6,135763E-06;0;1
2023-07-18 11:00:00Z;1,455901E-06;0;1
2023-07-19 11:00:00Z;9,86805E-07;0;1
2023-07-20 11:00:00Z;3,899653E-06;0;1
2023-07-21 11:00:00Z;3,701736E-06;0;1
2023-07-22 11:00:00Z;6,222223E-06;0;1
2023-07-23 11:00:00Z;3,229515E-06;0;1
2023-07-24 11:00:00Z;9,646182E-05;0;1
2023-07-25 11:00:00Z;4,140383E-05;0;1
2023-07-26 11:00:00Z;3,121528E-06;0;1
2023-07-27 11:00:00Z;9,548611E-07;0;1
2023-07-28 11:00:00Z;1,053819E-06;0;1
2023-07-29 11:00:00Z;9,152775E-07;0;1
2023-07-30 11:00:00Z;5,243715E-05;0;1
2023-07-31 11:00:00Z;3,12309E-05;0;1
2023-08-01 11:00:00Z;7,651738E-06;0;1
2023-08-02 11:00:00Z;2,137986E-05;0;1
2023-08-03 11:00:00Z;2,066944E-05;0;1
2023-08-04 11:00:00Z;5,985071E-06;0;1
2023-08-05 11:00:00Z;0,0001059889;0;1
2023-08-06 11:00:00Z;1,595937E-05;0;1
2023-08-07 11:00:00Z;0,0004427374;0;1
2023-08-08 11:00:00Z;5,56889E-05;0;1
2023-08-09 11:00:00Z;2,089236E-05;0;1
2023-08-10 11:00:00Z;5,910766E-06;0;1
2023-08-11 11:00:00Z;1,748958E-06;0;1
2023-08-12 11:00:00Z;8,105209E-06;0;1
2023-08-13 11:00:00Z;3,515174E-05;0;1
2023-08-14 11:00:00Z;9,134374E-06;0;1
2023-08-15 11:00:00Z;6,063645E-05;0;1
2023-08-16 11:00:00Z;1,021424E-05;0;1
2023-08-17 11:00:00Z;1,322221E-06;0;1
2023-08-18 11:00:00Z;9,524299E-07;0;1
2023-08-19 11:00:00Z;1,030208E-06;0;1
2023-08-20 11:00:00Z;0,0003370639;0;1
2023-08-21 11:00:00Z;1,135486E-05;0;1
2023-08-22 11:00:00Z;1,365277E-06;0;1
2023-08-23 11:00:00Z;9,38846E-07;0;1
2023-08-24 11:00:00Z;9,43402E-07;0;1
2023-08-25 11:00:00Z;8,923608E-07;0;1
2023-08-26 11:00:00Z;0,0001492302;0;1
2023-08-27 11:00:00Z;0,0004038953;0;1
2023-08-28 11:00:00Z;4,726736E-05;0;1
2023-08-29 11:00:00Z;1,839271E-05;0;1
2023-08-30 11:00:00Z;3,047222E-06;0;1
2023-08-31 11:00:00Z;9,236112E-07;0;1
2023-09-01 11:00:00Z;8,183098E-07;0;1
2023-09-02 11:00:00Z;8,763886E-07;0;1
2023-09-03 11:00:00Z;9,003467E-07;0;1
2023-09-04 11:00:00Z;9,860131E-07;0;1
2023-09-05 11:00:00Z;;0;1
2023-09-06 11:00:00Z;;0;1
2023-09-07 11:00:00Z;;0;1
2023-09-08 11:00:00Z;;0;1
2023-09-09 11:00:00Z;;0;1
2023-09-10 11:00:00Z;;0;1
2023-09-11 11:00:00Z;;0;1
2023-09-12 11:00:00Z;;0;1
2023-09-13 11:00:00Z;;0;1
2023-09-14 11:00:00Z;8,392359E-07;0;1
2023-09-15 11:00:00Z;9,951386E-07;0;1
2023-09-16 11:00:00Z;9,680551E-07;0;1
2023-09-17 11:00:00Z;1,005208E-06;0;1
2023-09-18 11:00:00Z;5,885661E-05;0;1
2023-09-19 11:00:00Z;0,0001000579;0;1
2023-09-20 11:00:00Z;1,559445E-05;0;1
2023-09-21 11:00:00Z;8,017327E-05;0;1
2023-09-22 11:00:00Z;0,0002302632;0;1
2023-09-23 11:00:00Z;9,286111E-06;0;1
2023-09-24 11:00:00Z;2,025695E-06;0;1
2023-09-25 11:00:00Z;1,003889E-05;0;1
2023-09-26 11:00:00Z;3,407044E-06;0;1
2023-09-27 11:00:00Z;7,549999E-06;0;1
2023-09-28 11:00:00Z;2,314618E-05;0;1
2023-09-29 11:00:00Z;8,814585E-06;0;1
2023-09-30 11:00:00Z;2,28264E-06;0;1
2023-10-01 11:00:00Z;1,036457E-06;0;1
2023-10-02 11:00:00Z;1,032985E-06;0;1
2023-10-03 11:00:00Z;8,399306E-07;0;1
2023-10-04 11:00:00Z;8,343752E-07;0;1
2023-10-05 11:00:00Z;8,156255E-07;0;1
2023-10-06 11:00:00Z;1,505972E-05;0;1
2023-10-07 11:00:00Z;4,417015E-06;0;1
2023-10-08 11:00:00Z;1,134374E-06;0;1
2023-10-09 11:00:00Z;7,85417E-07;0;1
2023-10-10 11:00:00Z;5,899305E-06;0;1
2023-10-11 11:00:00Z;9,353471E-06;0;1
2023-10-12 11:00:00Z;1,95764E-06;0;1
2023-10-13 11:00:00Z;2,431736E-05;0;1
2023-10-14 11:00:00Z;1,91632E-05;0;1
2023-10-15 11:00:00Z;3,819446E-06;0;1
2023-10-16 11:00:00Z;1,593751E-06;0;1
2023-10-17 11:00:00Z;1,001388E-06;0;1
2023-10-18 11:00:00Z;6,704859E-07;0;1
2023-10-19 11:00:00Z;5,798608E-07;0;1
2023-10-20 11:00:00Z;6,156247E-07;0;1
2023-10-21 11:00:00Z;6,927081E-07;0;1
2023-10-22 11:00:00Z;1,765278E-06;0;1
2023-10-23 11:00:00Z;3,658682E-06;0;1
2023-10-24 11:00:00Z;2,195832E-06;0;1
2023-10-25 11:00:00Z;1,104166E-06;0;1
2023-10-26 11:00:00Z;8,572918E-07;0;1
2023-10-27 11:00:00Z;7,003469E-07;0;1
2023-10-28 11:00:00Z;6,854166E-07;0;1
2023-10-29 11:00:00Z;6,434025E-07;0;1
2023-10-30 11:00:00Z;6,812498E-07;0;1
2023-10-31 11:00:00Z;8,351064E-07;0;1
2023-11-01 11:00:00Z;1,227777E-06;0;1
2023-11-02 11:00:00Z;1,276319E-05;0;1
2023-11-03 11:00:00Z;0,0002524614;0;1
2023-11-04 11:00:00Z;1,615035E-05;0;1
2023-11-05 11:00:00Z;8,623954E-06;0;1
2023-11-06 11:00:00Z;7,837535E-05;0;1
2023-11-07 11:00:00Z;9,725869E-05;0;1
2023-11-08 11:00:00Z;8,729862E-06;0;1
2023-11-09 11:00:00Z;4,127917E-05;0;1
2023-11-10 11:00:00Z;1,340799E-05;0;1
2023-11-11 11:00:00Z;5,287849E-06;0;1
2023-11-12 11:00:00Z;3,72361E-06;0;1
2023-11-13 11:00:00Z;2,227083E-06;0;1
2023-11-14 11:00:00Z;1,058332E-06;0;1
2023-11-15 11:00:00Z;6,124996E-07;0;1
2023-11-16 11:00:00Z;5,42361E-07;0;1
2023-11-17 11:00:00Z;4,999997E-07;0;1
2023-11-18 11:00:00Z;4,406249E-07;0;1
2023-11-19 11:00:00Z;4,878472E-07;0;1
2023-11-20 11:00:00Z;4,98611E-07;0;1
2023-11-21 11:00:00Z;5,170135E-07;0;1
2023-11-22 11:00:00Z;6,246524E-07;0;1
2023-11-23 11:00:00Z;6,704858E-07;0;1
2023-11-24 11:00:00Z;6,329857E-07;0;1
2023-11-25 11:00:00Z;6,562496E-07;0;1
2023-11-26 11:00:00Z;6,600692E-07;0;1
2023-11-27 11:00:00Z;6,805554E-07;0;1
2023-11-28 11:00:00Z;6,475692E-07;0;1
2023-11-29 11:00:00Z;6,215275E-07;0;1
2023-11-30 11:00:00Z;6,322912E-07;0;1
2023-12-01 11:00:00Z;6,215275E-07;0;1
2023-12-02 11:00:00Z;6,420136E-07;0;1
2023-12-03 11:00:00Z;6,619716E-07;0;1
2023-12-04 11:00:00Z;4,947915E-07;0;1
2023-12-05 11:00:00Z;6,621527E-07;0;1
2023-12-06 11:00:00Z;7,121528E-07;0;1
2023-12-07 11:00:00Z;6,545137E-07;0;1
2023-12-08 11:00:00Z;7,215276E-07;0;1
2023-12-09 11:00:00Z;7,545139E-07;0;1
2023-12-10 11:00:00Z;7,895833E-07;0;1
2023-12-11 11:00:00Z;7,961807E-07;0;1
2023-12-12 11:00:00Z;7,802083E-07;0;1
2023-12-13 11:00:00Z;7,614583E-07;0;1
2023-12-14 11:00:00Z;7,73611E-07;0;1
2023-12-15 11:00:00Z;7,680556E-07;0;1
2023-12-16 11:00:00Z;8,0625E-07;0;1
2023-12-17 11:00:00Z;7,743054E-07;0;1
2023-12-18 11:00:00Z;1,208333E-06;0;1
2023-12-19 11:00:00Z;2,226388E-06;0;1
2023-12-20 11:00:00Z;9,704864E-07;0;1
2023-12-21 11:00:00Z;5,482636E-07;0;1
2023-12-22 11:00:00Z;4,802083E-07;0;1
2023-12-23 11:00:00Z;4,576388E-07;0;1
2023-12-24 11:00:00Z;4,697914E-07;0;1
2023-12-25 11:00:00Z;4,850694E-07;0;1
2023-12-26 11:00:00Z;4,763887E-07;0;1
2023-12-27 11:00:00Z;5,423609E-07;0;1
2023-12-28 11:00:00Z;5,538192E-07;0;1
2023-12-29 11:00:00Z;5,878467E-07;0;1
2023-12-30 11:00:00Z;6,027775E-07;0;1
2023-12-31 11:00:00Z;5,399304E-07;0;1
2024-01-01 11:00:00Z;1,018402E-06;0;1
2024-01-02 11:00:00Z;9,493052E-07;0;1
2024-01-03 11:00:00Z;1,204513E-06;0;1
2024-01-04 11:00:00Z;1,032746E-06;0;1
2024-01-05 11:00:00Z;7,67014E-07;0;1
2024-01-06 11:00:00Z;5,374997E-07;0;1
2024-01-07 11:00:00Z;5,715275E-07;0;1
2024-01-08 11:00:00Z;5,996527E-07;0;1
2024-01-09 11:00:00Z;6,385413E-07;0;1
2024-01-10 11:00:00Z;6,940971E-07;0;1
2024-01-11 11:00:00Z;7,95139E-07;0;1
2024-01-12 11:00:00Z;7,784726E-07;0;1
2024-01-13 11:00:00Z;8,406247E-07;0;1
2024-01-14 11:00:00Z;7,701385E-07;0;1
2024-01-15 11:00:00Z;8,784727E-07;0;1
2024-01-16 11:00:00Z;5,805553E-07;0;1
2024-01-17 11:00:00Z;9,913186E-07;0;1
2024-01-18 11:00:00Z;1,004513E-06;0;1
2024-01-19 11:00:00Z;1,028124E-06;0;1
2024-01-20 11:00:00Z;1,118055E-06;0;1
2024-01-21 11:00:00Z;2,389583E-06;0;1
2024-01-22 11:00:00Z;0,0002249737;0;1
2024-01-23 11:00:00Z;2,585764E-05;0;1
2024-01-24 11:00:00Z;6,677675E-05;0;1
2024-01-25 11:00:00Z;6,203473E-06;0;1
2024-01-26 11:00:00Z;1,11757E-05;0;1
2024-01-27 11:00:00Z;6,778125E-06;0;1
2024-01-28 11:00:00Z;6,898228E-05;0;1
2024-01-29 11:00:00Z;6,528092E-05;0;1
2024-01-30 11:00:00Z;8,839583E-06;0;1
2024-01-31 11:00:00Z;3,265625E-05;0;1
2024-02-01 11:00:00Z;1,711597E-05;0;1
2024-02-02 11:00:00Z;1,16875E-05;0;1
2024-02-03 11:00:00Z;2,098333E-05;0;1
2024-02-04 11:00:00Z;6,016667E-06;0;1
2024-02-05 11:00:00Z;2,917014E-06;0;1
2024-02-06 11:00:00Z;1,25868E-06;0;1
2024-02-07 11:00:00Z;6,201387E-07;0;1
2024-02-08 11:00:00Z;4,194444E-07;0;1
2024-02-09 11:00:00Z;5,722219E-07;0;1
2024-02-10 11:00:00Z;6,729164E-07;0;1
2024-02-11 11:00:00Z;6,996527E-07;0;1
2024-02-12 11:00:00Z;8,024303E-07;0;1
2024-02-13 11:00:00Z;8,093748E-07;0;1
2024-02-14 11:00:00Z;8,899303E-07;0;1
2024-02-15 11:00:00Z;2,010069E-06;0;1
2024-02-16 11:00:00Z;0,0001820101;0;1
2024-02-17 11:00:00Z;2,563715E-05;0;1
2024-02-18 11:00:00Z;5,857639E-06;0;1
2024-02-19 11:00:00Z;4,715973E-06;0;1
2024-02-20 11:00:00Z;4,230556E-06;0;1
2024-02-21 11:00:00Z;1,430347E-05;0;1
2024-02-22 11:00:00Z;0,0001611323;0;1
2024-02-23 11:00:00Z;0,0001613115;0;1
2024-02-24 11:00:00Z;7,135972E-05;0;1
2024-02-25 11:00:00Z;6,135382E-05;0;1
2024-02-26 11:00:00Z;;0;1
2024-02-27 11:00:00Z;;0;1
2024-02-28 11:00:00Z;;0;1
2024-02-29 11:00:00Z;;0;1
2024-03-01 11:00:00Z;;0;1
2024-03-02 11:00:00Z;;0;1
2024-03-03 11:00:00Z;;0;1
2024-03-04 11:00:00Z;;0;1
2024-03-05 11:00:00Z;;0;1
2024-03-06 11:00:00Z;;0;1
2024-03-07 11:00:00Z;;0;1
2024-03-08 11:00:00Z;;0;1
2024-03-09 11:00:00Z;;0;1
2024-03-10 11:00:00Z;;0;1
2024-03-11 11:00:00Z;;0;1
2024-03-12 11:00:00Z;;0;1
2024-03-13 11:00:00Z;;0;1
2024-03-14 11:00:00Z;;0;1
2024-03-15 11:00:00Z;;0;1
2024-03-16 11:00:00Z;;0;1
2024-03-17 11:00:00Z;;0;1
2024-03-18 11:00:00Z;;0;1
2024-03-19 11:00:00Z;;0;1
2024-03-20 11:00:00Z;;0;1
2024-03-21 11:00:00Z;;0;1
2024-03-22 11:00:00Z;;0;1
2024-03-23 11:00:00Z;;0;1
2024-03-24 11:00:00Z;;0;1
2024-03-25 11:00:00Z;;0;1
2024-03-26 11:00:00Z;;0;1
2024-03-27 11:00:00Z;;0;1
2024-03-28 11:00:00Z;;0;1
2024-03-29 11:00:00Z;;0;1
2024-03-30 11:00:00Z;;0;1
2024-03-31 11:00:00Z;;0;1
2024-04-01 11:00:00Z;;0;1
2024-04-02 11:00:00Z;;0;1
2024-04-03 11:00:00Z;;0;1
2024-04-04 11:00:00Z;;0;1
2024-04-05 11:00:00Z;;0;1
2024-04-06 11:00:00Z;;0;1
2024-04-07 11:00:00Z;;0;1
2024-04-08 11:00:00Z;;0;1
2024-04-09 11:00:00Z;;0;1
2024-04-10 11:00:00Z;;0;1
2024-04-11 11:00:00Z;;0;1
2024-04-12 11:00:00Z;;0;1
2024-04-13 11:00:00Z;;0;1
2024-04-14 11:00:00Z;;0;1
2024-04-15 11:00:00Z;3,507034E-06;0;1
2024-04-16 11:00:00Z;8,387328E-07;0;1
2024-04-17 11:00:00Z;5,89583E-07;0;1
2024-04-18 11:00:00Z;6,64236E-07;0;1
2024-04-19 11:00:00Z;7,490276E-06;0;1
2024-04-20 11:00:00Z;2,536113E-06;0;1
2024-04-21 11:00:00Z;8,89584E-07;0;1
2024-04-22 11:00:00Z;6,670138E-07;0;1
2024-04-23 11:00:00Z;7,479166E-07;0;1
2024-04-24 11:00:00Z;6,777773E-07;0;1
2024-04-25 11:00:00Z;6,006941E-07;0;1
2024-04-26 11:00:00Z;6,225692E-07;0;1
2024-04-27 11:00:00Z;6,09722E-07;0;1
2024-04-28 11:00:00Z;7,645831E-07;0;1
2024-04-29 11:00:00Z;5,919791E-06;0;1
2024-04-30 11:00:00Z;1,572917E-06;0;1
2024-05-01 11:00:00Z;9,218975E-07;0;1
2024-05-02 11:00:00Z;7,826389E-07;0;1
2024-05-03 11:00:00Z;8,1875E-07;0;1
2024-05-04 11:00:00Z;8,677079E-07;0;1
2024-05-05 11:00:00Z;8,229167E-07;0;1
2024-05-06 11:00:00Z;6,999998E-07;0;1
2024-05-07 11:00:00Z;7,888892E-07;0;1
2024-05-08 11:00:00Z;8,069442E-07;0;1
2024-05-09 11:00:00Z;8,100699E-07;0;1
2024-05-10 11:00:00Z;7,92361E-07;0;1
2024-05-11 11:00:00Z;8,208331E-07;0;1
2024-05-12 11:00:00Z;7,923611E-07;0;1
2024-05-13 11:00:00Z;8,48611E-07;0;1
2024-05-14 11:00:00Z;8,156252E-07;0;1
2024-05-15 11:00:00Z;8,680558E-07;0;1
2024-05-16 11:00:00Z;8,354168E-07;0;1
2024-05-17 11:00:00Z;8,819443E-07;0;1
2024-05-18 11:00:00Z;9,364578E-07;0;1
2024-05-19 11:00:00Z;9,354164E-07;0;1
2024-05-20 11:00:00Z;9,82638E-07;0;1
2024-05-21 11:00:00Z;9,697907E-07;0;1
2024-05-22 11:00:00Z;9,885412E-07;0;1
2024-05-23 11:00:00Z;9,604163E-07;0;1
2024-05-24 11:00:00Z;9,003467E-07;0;1
2024-05-25 11:00:00Z;9,298605E-07;0;1
2024-05-26 11:00:00Z;8,954858E-07;0;1
2024-05-27 11:00:00Z;1,877118E-05;0;1
2024-05-28 11:00:00Z;1,924827E-05;0;1
2024-05-29 11:00:00Z;2,744098E-06;0;1
2024-05-30 11:00:00Z;1,35243E-06;0;1
2024-05-31 11:00:00Z;1,056596E-06;0;1
2024-06-01 11:00:00Z;8,855072E-07;0;1
2024-06-02 11:00:00Z;8,753469E-07;0;1
2024-06-03 11:00:00Z;8,232639E-07;0;1
2024-06-04 11:00:00Z;8,729164E-07;0;1
2024-06-05 11:00:00Z;2,840487E-05;0;1
2024-06-06 11:00:00Z;1,281806E-05;0;1
2024-06-07 11:00:00Z;7,2691E-06;0;1
2024-06-08 11:00:00Z;3,297986E-05;0;1
2024-06-09 11:00:00Z;1,006111E-05;0;1
2024-06-10 11:00:00Z;1,794445E-06;0;1
2024-06-11 11:00:00Z;9,218746E-07;0;1
2024-06-12 11:00:00Z;2,864583E-06;0;1
2024-06-13 11:00:00Z;1,731946E-06;0;1
2024-06-14 11:00:00Z;1,079166E-06;0;1
2024-06-15 11:00:00Z;3,836806E-06;0;1
2024-06-16 11:00:00Z;2,45625E-05;0;1
2024-06-17 11:00:00Z;3,104896E-05;0;1
2024-06-18 11:00:00Z;1,448091E-05;0;1
2024-06-19 11:00:00Z;1,24E-05;0;1
2024-06-20 11:00:00Z;2,773613E-06;0;1
2024-06-21 11:00:00Z;1,053819E-06;0;1
2024-06-22 11:00:00Z;4,752084E-06;0;1
2024-06-23 11:00:00Z;4,907986E-06;0;1
2024-06-24 11:00:00Z;1,185415E-06;0;1
2024-06-25 11:00:00Z;1,024305E-06;0;1
2024-06-26 11:00:00Z;1,025693E-06;0;1
2024-06-27 11:00:00Z;9,951381E-07;0;1
2024-06-28 11:00:00Z;9,145832E-06;0;1
2024-06-29 11:00:00Z;1,161457E-06;0;1
2024-06-30 11:00:00Z;9,510414E-07;0;1
2024-07-01 11:00:00Z;9,627734E-07;0;1
2024-07-02 11:00:00Z;9,843742E-07;0;1
2024-07-03 11:00:00Z;1,080207E-06;0;1
2024-07-04 11:00:00Z;9,911114E-06;0;1
2024-07-05 11:00:00Z;2,708334E-06;0;1
2024-07-06 11:00:00Z;1,451388E-06;0;1
2024-07-07 11:00:00Z;8,969862E-05;0;1
2024-07-08 11:00:00Z;8,273267E-06;0;1
2024-07-09 11:00:00Z;1,171874E-06;0;1
2024-07-10 11:00:00Z;4,779895E-05;0;1
2024-07-11 11:00:00Z;1,097327E-05;0;1
2024-07-12 11:00:00Z;1,339929E-06;0;1
2024-07-13 11:00:00Z;1,32743E-06;0;1
2024-07-14 11:00:00Z;9,381425E-05;0;1
2024-07-15 11:00:00Z;1,344861E-05;0;1
2024-07-16 11:00:00Z;7,375001E-06;0;1
2024-07-17 11:00:00Z;2,681631E-05;0;1
2024-07-18 11:00:00Z;1,035868E-05;0;1
2024-07-19 11:00:00Z;1,153471E-06;0;1
2024-07-20 11:00:00Z;1,013194E-06;0;1
2024-07-21 11:00:00Z;9,256941E-07;0;1
2024-07-22 11:00:00Z;3,63125E-06;0;1
2024-07-23 11:00:00Z;1,804862E-06;0;1
2024-07-24 11:00:00Z;1,827431E-06;0;1
2024-07-25 11:00:00Z;1,31736E-06;0;1
2024-07-26 11:00:00Z;8,615869E-05;0;1
2024-07-27 11:00:00Z;2,055313E-05;0;1
2024-07-28 11:00:00Z;1,495417E-05;0;1
2024-07-29 11:00:00Z;1,484375E-06;0;1
2024-07-30 11:00:00Z;9,673611E-07;0;1
2024-07-31 11:00:00Z;8,871524E-07;0;1
2024-08-01 11:00:00Z;9,430649E-07;0;1
2024-08-02 11:00:00Z;8,906246E-07;0;1
2024-08-03 11:00:00Z;8,045139E-07;0;1
2024-08-04 11:00:00Z;0,0001081671;0;1
2024-08-05 11:00:00Z;4,496876E-06;0;1
2024-08-06 11:00:00Z;8,690971E-07;0;1
2024-08-07 11:00:00Z;9,427079E-07;0;1
2024-08-08 11:00:00Z;1,192012E-06;0;1
2024-08-09 11:00:00Z;3,595139E-06;0;1
2024-08-10 11:00:00Z;1,440277E-06;0;1
2024-08-11 11:00:00Z;1,139235E-06;0;1
2024-08-12 11:00:00Z;1,206943E-06;0;1
2024-08-13 11:00:00Z;1,185415E-06;0;1
2024-08-14 11:00:00Z;1,117013E-06;0;1
2024-08-15 11:00:00Z;1,096389E-05;0;1
2024-08-16 11:00:00Z;2,368056E-06;0;1
2024-08-17 11:00:00Z;1,185068E-06;0;1
2024-08-18 11:00:00Z;9,715269E-07;0;1
2024-08-19 11:00:00Z;9,649305E-07;0;1
2024-08-20 11:00:00Z;1,094444E-06;0;1
2024-08-21 11:00:00Z;3,602188E-05;0;1
2024-08-22 11:00:00Z;5,599584E-05;0;1
2024-08-23 11:00:00Z;0,0001250174;0;1
2024-08-24 11:00:00Z;2,586319E-05;0;1
2024-08-25 11:00:00Z;2,461596E-05;0;1
2024-08-26 11:00:00Z;1,690973E-06;0;1
2024-08-27 11:00:00Z;1,006596E-06;0;1
2024-08-28 11:00:00Z;1,007638E-06;0;1
2024-08-29 11:00:00Z;1,558334E-06;0;1
2024-08-30 11:00:00Z;1,365276E-06;0;1
2024-08-31 11:00:00Z;1,041666E-06;0;1
2024-09-01 11:00:00Z;9,678827E-07;0;1
2024-09-02 11:00:00Z;3,573785E-05;0;1
2024-09-03 11:00:00Z;4,887465E-05;0;1
2024-09-04 11:00:00Z;8,668479E-05;0;1
2024-09-05 11:00:00Z;;0;1
2024-09-06 11:00:00Z;;0;1
2024-09-07 11:00:00Z;;0;1
2024-09-08 11:00:00Z;;0;1
2024-09-09 11:00:00Z;;0;1
2024-09-10 11:00:00Z;;0;1
2024-09-11 11:00:00Z;;0;1
2024-09-12 11:00:00Z;;0;1
2024-09-13 11:00:00Z;;0;1
2024-09-14 11:00:00Z;;0;1
2024-09-15 11:00:00Z;;0;1
2024-09-16 11:00:00Z;;0;1
2024-09-17 11:00:00Z;;0;1
2024-09-18 11:00:00Z;;0;1
2024-09-19 11:00:00Z;;0;1
2024-09-20 11:00:00Z;;0;1
2024-09-21 11:00:00Z;;0;1
2024-09-22 11:00:00Z;;0;1
2024-09-23 11:00:00Z;;0;1
2024-09-24 11:00:00Z;;0;1
2024-09-25 11:00:00Z;;0;1
2024-09-26 11:00:00Z;;0;1
2024-09-27 11:00:00Z;;0;1
2024-09-28 11:00:00Z;;0;1
2024-09-29 11:00:00Z;6,493054E-07;0;1
2024-09-30 11:00:00Z;7,385419E-07;0;1
2024-10-01 11:00:00Z;8,29643E-07;0;1
2024-10-02 11:00:00Z;7,996533E-07;0;1
2024-10-03 11:00:00Z;8,875E-07;0;1
2024-10-04 11:00:00Z;8,680551E-07;0;1
2024-10-05 11:00:00Z;8,888887E-07;0;1
2024-10-06 11:00:00Z;9,1493E-07;0;1
2024-10-07 11:00:00Z;9,048608E-07;0;1
2024-10-08 11:00:00Z;2,103403E-05;0;1
2024-10-09 11:00:00Z;5,173334E-05;0;1
2024-10-10 11:00:00Z;0,0002104562;0;1
2024-10-11 11:00:00Z;2,000903E-05;0;1
2024-10-12 11:00:00Z;4,034549E-05;0;1
2024-10-13 11:00:00Z;2,950798E-05;0;1
2024-10-14 11:00:00Z;7,072567E-06;0;1
2024-10-15 11:00:00Z;3,723957E-06;0;1
2024-10-16 11:00:00Z;3,001044E-06;0;1
2024-10-17 11:00:00Z;1,42816E-05;0;1
